Workbook

Sheet 1_Ubicaciones
A1: AUTORIDAD NACIONAL DE INFRAESTRUCTURA - ANIN
A2: DIRECCIÓN DE INTERVENCIONES MULTISECTORIALES Y DE EMERGENCIA - DIME
A3: SUBDIRECCIÓN DE ESTUDIOS DE INVERSIÓN - SESDI
A4: 1. UBICACIONES EN GOOGLE DRIVE DE LOS MEDIOS VERIFICADORES DEL SEGUNDO ENTREGABLE
A5: PROYECTO IN PIURA | CUI 2669244 | Cuenca Alta del Río Piura | UTM WGS 84 Zona 17S (EPSG:32717)
A6: Fuente: Medios_Verificadores_E2_IN_Piura_y_Anexo_4.pdf (ANIN-DIME-SESDI), actualizado al 26/10/2026 · Elaboración propia
A8: Cód. | B8: Nombre en Google Drive | C8: Tipo | D8: Tamaño | E8: Propietario | F8: N.° medios (declarado) | G8: N.° medios (contado en registro) | H8: Control | I8: Enlace
A9: R01 | B9: Diagnostico Territorial y Social IN Piura V5 | C9: Carpeta | D9: — | E9: ANIN-DIME | F9: 3 | G9: =COUNTIF('2_Registro'!$G$9:$G$31,A9) | H9: =IF(F9=G9,"OK","REVISAR") | I9: https://drive.google.com/drive/folders/1QNletGIwBopUrLvqHxjQXspOgbTD_AL8
A10: R02 | B10: TAMIZAJE PREDIAL | C10: Carpeta | D10: — | E10: ANIN-DIME | F10: 2 | G10: =COUNTIF('2_Registro'!$G$9:$G$31,A10) | H10: =IF(F10=G10,"OK","REVISAR") | I10: https://drive.google.com/drive/folders/16uGS40JcB4hKy4QHPGSqysN7dtKjOf6J
A11: R03 | B11: INFORMES DE DIAGNOSTICO SOCIAL | C11: Carpeta | D11: — | E11: ANIN-DIME | F11: 3 | G11: =COUNTIF('2_Registro'!$G$9:$G$31,A11) | H11: =IF(F11=G11,"OK","REVISAR") | I11: https://drive.google.com/drive/folders/1QGledfgGKlurAJ2a7HCSTxmlF-F7wyRW
A12: R04 | B12: 04_MAPAS (en INFORME ENTREGABLE 6) | C12: Carpeta | D12: — | E12: ANIN-DIME | F12: 1 | G12: =COUNTIF('2_Registro'!$G$9:$G$31,A12) | H12: =IF(F12=G12,"OK","REVISAR") | I12: https://drive.google.com/drive/folders/15V3HR0dtiQ2NP9aT3Bq-Cb4P-pJS2TB3
A13: R05 | B13: 07_Suelos | C13: Carpeta | D13: — | E13: ANIN-DIME | F13: 3 | G13: =COUNTIF('2_Registro'!$G$9:$G$31,A13) | H13: =IF(F13=G13,"OK","REVISAR") | I13: https://drive.google.com/drive/folders/1vlSgiVHN3q8GlvwPUVWtuV0LzkTcI4pA
A14: R06 | B14: Levantamiento de suelos_ANIN | C14: Carpeta | D14: — | E14: Consultora (geosigingenieros) | F14: 1 | G14: =COUNTIF('2_Registro'!$G$9:$G$31,A14) | H14: =IF(F14=G14,"OK","REVISAR") | I14: https://drive.google.com/drive/folders/1COyqfGePNgQUa9ioCOFDW_sM5nNu7mRf
A15: R07 | B15: Plan de Trabajo IN Piura | C15: Carpeta | D15: — | E15: H. S. Cahuas M. | F15: 2 | G15: =COUNTIF('2_Registro'!$G$9:$G$31,A15) | H15: =IF(F15=G15,"OK","REVISAR") | I15: https://drive.google.com/drive/folders/1utg53ly3gWcqV2isJJX2DOV6oZB0oUKx
A16: R08 | B16: PLAN DE TRABAJO IN PIURA ACTUALIZADO OCTUBRE 2026 | C16: Carpeta | D16: — | E16: ANIN-DIME | F16: 1 | G16: =COUNTIF('2_Registro'!$G$9:$G$31,A16) | H16: =IF(F16=G16,"OK","REVISAR") | I16: https://drive.google.com/drive/folders/1YmcFdOQDLSProFRzDOQtgUTIf3gBx0wL
A17: R09 | B17: E6_v2.0_sin_parcelas_ANIN_rev_hscm.pdf | C17: PDF | D17: 1.2 MB | E17: H. S. Cahuas M. | F17: 1 | G17: =COUNTIF('2_Registro'!$G$9:$G$31,A17) | H17: =IF(F17=G17,"OK","REVISAR") | I17: https://drive.google.com/file/d/1lbr4-I5-OH8Nqd4hBccIEizEy3H-rV7V/view
A18: R10 | B18: Nota_Tecnica_Diagnostico_Ecosistema_Firma_Espectral_IN_Piura_Rev_hscm.pdf | C18: PDF | D18: 0.2 MB | E18: ANIN-DIME | F18: 1 | G18: =COUNTIF('2_Registro'!$G$9:$G$31,A18) | H18: =IF(F18=G18,"OK","REVISAR") | I18: https://drive.google.com/file/d/1W13WM67BUajj5KRR4JC4adtubxAWo3SK/view
A19: R11 | B19: CLASIFICACION_NO_SUPERVISADA | C19: Carpeta | D19: — | E19: ANIN-DIME | F19: 1 | G19: =COUNTIF('2_Registro'!$G$9:$G$31,A19) | H19: =IF(F19=G19,"OK","REVISAR") | I19: https://drive.google.com/drive/folders/1ixjrVluRssbc4A67Cmx1A9syxTBSN7is
A20: R12 | B20: INFORME ENTREGABLE 6 | C20: Carpeta | D20: — | E20: ANIN-DIME | F20: 1 | G20: =COUNTIF('2_Registro'!$G$9:$G$31,A20) | H20: =IF(F20=G20,"OK","REVISAR") | I20: https://drive.google.com/drive/folders/1icXXRKhuqHEJqQKirHDpBexieg_paXuh
... A23: R15 | B23: Anexo 4 – Matrices de Seguimiento del Segundo Entregable | C23: Excel | D23: 0.05 MB | E23: H. S. Cahuas M. | F23: 1 | G23: =COUNTIF('2_Registro'!$G$9:$G$31,A23) | H23: =IF(F23=G23,"OK","REVISAR") | I23: https://docs.google.com/spreadsheets/d/1zLVVHr8wqBjJu5INkBvoNUdrhM08WUKT/edit
A24: TOTAL | F24: =SUM(F9:F23) | G24: =SUM(G9:G23)

Sheet 2_Registro
A1: AUTORIDAD NACIONAL DE INFRAESTRUCTURA - ANIN
A2: DIRECCIÓN DE INTERVENCIONES MULTISECTORIALES Y DE EMERGENCIA - DIME
A3: SUBDIRECCIÓN DE ESTUDIOS DE INVERSIÓN - SESDI
A4: 2. REGISTRO DE MEDIOS VERIFICADORES POR ACTIVIDAD — SEGUNDO ENTREGABLE
A5: PROYECTO IN PIURA | CUI 2669244 | Cuenca Alta del Río Piura | UTM WGS 84 Zona 17S (EPSG:32717)
A6: Fuente: Medios_Verificadores_E2_IN_Piura_y_Anexo_4.pdf (ANIN-DIME-SESDI), actualizado al 26/10/2026 · Elaboración propia
A8: N.° | B8: Actividad | C8: Medio verificador | D8: Repositorio | E8: Fecha (según fuente) | F8: Fecha final (dd/mm/aaaa) | G8: Cód. ubicación | H8: Ubicación (clic para abrir)
A9: 1 | B9: b) | C9: Diagnóstico Huancabamba Versión 5 | D9: Artefacto | E9: 17/10/2026 | F9: 46312 | G9: R01 | H9: R01 · Diagnostico Territorial y Social IN Piura V5
A10: 2 | B10: b) | C10: Diagnóstico Morropón Versión 5 | D10: Artefacto | E10: 17/10/2026 | F10: 46312 | G10: R01 | H10: R01 · Diagnostico Territorial y Social IN Piura V5
A11: 3 | B11: b) | C11: Diagnóstico Ayabaca Versión 5 (contraste) | D11: Artefacto | E11: 17/10/2026 | F11: 46312 | G11: R01 | H11: R01 · Diagnostico Territorial y Social IN Piura V5
A12: 4 | B12: b) | C12: Índice de mapas de situación predial V6 v2 | D12: Google Drive | E12: 11/10/2026 | F12: 46306 | G12: R02 | H12: R02 · TAMIZAJE PREDIAL
A13: 5 | B13: b) | C13: Informe E2 Vol. I Morropón (B1) | D13: Google Drive | E13: 10/10/2026 | F13: 46305 | G13: R03 | H13: R03 · INFORMES DE DIAGNOSTICO SOCIAL
A14: 6 | B14: b) | C14: Informe E2 Vol. II Huancabamba (B1) | D14: Google Drive | E14: 10/10/2026 | F14: 46305 | G14: R03 | H14: R03 · INFORMES DE DIAGNOSTICO SOCIAL
A15: 7 | B15: b) | C15: Matrices del Diagnóstico Social E2 (B1) | D15: Google Drive | E15: 10/10/2026 | F15: 46305 | G15: R03 | H15: R03 · INFORMES DE DIAGNOSTICO SOCIAL
A16: 8 | B16: b) | C16: Mapas y Excel de bloques V6 (ecosistemas, área de influencia) | D16: Repositorio IN Piura | E16: 04–05/10/2026 | F16: 46300 | G16: R04 | H16: R04 · 04_MAPAS (en INFORME ENTREGABLE 6)
A17: 9 | B17: b) | C17: Módulo de liberación de áreas y catálogo V6 (Tamizaje Predial) | D17: Repositorio IN Piura | E17: 27/09–06/10/2026 | F17: 46301 | G17: R02 | H17: R02 · TAMIZAJE PREDIAL
A18: 10 | B18: c) | C18: Informe de Avance – Fase de Campo (PDF) del Estudio de Suelos | D18: Google Drive | E18: 27/09/2026 | F18: 46292 | G18: R05 | H18: R05 · 07_Suelos
A19: 11 | B19: c) | C19: Informe de Avance – Fase de Campo (Word) | D19: Google Drive | E19: 27/09/2026 | F19: 46292 | G19: R05 | H19: R05 · 07_Suelos
A20: 12 | B20: c) | C20: Carpeta «Levantamiento de suelos_ANIN» (consultora) | D20: Google Drive | E20: 10/09/2026 | F20: 46275 | G20: R06 | H20: R06 · Levantamiento de suelos_ANIN
... A29: 21 | B29: d) | C29: Matrices del diagnóstico del ecosistema (E6) | D29: Google Drive | E29: 15/10/2026 | F29: 46310 | G29: R13 | H29: R13 · E6_Matrices_Diagnostico_Ecosistema_IN_Piura.xlsx
A30: 22 | B30: d) | C30: Fuentes semilleras de los Bosques Secos (referencia) | D30: Google Drive | E30: — | G30: R14 | H30: R14 · Fuentes semilleras de los Bosques Secos.pdf
A31: 23 | B31: b), c), d) | C31: Anexo 4 – Matrices de seguimiento del Segundo Entregable (OS N° 4062-2026 · Informe N° 008-2026-HSCM) | D31: Google Drive | E31: 26/10/2026 | F31: 46321 | G31: R15 | H31: R15 · Anexo 4 – Matrices de Seguimiento del Segundo Entregable
A32: TOTAL | B32: =COUNTA(C9:C31) | C32: medios verificadores

Sheet 3_Resumen
A1: AUTORIDAD NACIONAL DE INFRAESTRUCTURA - ANIN
A2: DIRECCIÓN DE INTERVENCIONES MULTISECTORIALES Y DE EMERGENCIA - DIME
A3: SUBDIRECCIÓN DE ESTUDIOS DE INVERSIÓN - SESDI
A4: 3. RESUMEN DE MEDIOS VERIFICADORES POR ACTIVIDAD
A5: PROYECTO IN PIURA | CUI 2669244 | Cuenca Alta del Río Piura | UTM WGS 84 Zona 17S (EPSG:32717)
A6: Fuente: Medios_Verificadores_E2_IN_Piura_y_Anexo_4.pdf (ANIN-DIME-SESDI), actualizado al 26/10/2026 · Elaboración propia
A8: Actividad | B8: N.° medios verificadores vinculados
A9: b) | B9: =COUNTIF('2_Registro'!$B$9:$B$31,"*b)*")
A10: c) | B10: =COUNTIF('2_Registro'!$B$9:$B$31,"*c)*")
A11: d) | B11: =COUNTIF('2_Registro'!$B$9:$B$31,"*d)*")
A12: Un medio puede respaldar más de una actividad, por lo que la suma por actividad es mayor que el total de medios.
A14: Repositorio | B14: N.° medios verificadores
A15: Google Drive | B15: =COUNTIF('2_Registro'!$D$9:$D$31,A15)
A16: Artefacto | B16: =COUNTIF('2_Registro'!$D$9:$D$31,A16)
A17: Repositorio IN Piura | B17: =COUNTIF('2_Registro'!$D$9:$D$31,A17)
A18: TOTAL | B18: =SUM(B15:B17)
A20: Medios verificadores en el registro | B20: =COUNTA('2_Registro'!C9:C31)
A21: Ubicaciones en Google Drive | B21: =COUNTA('1_Ubicaciones'!A9:A23)
A22: Medios declarados en ubicaciones | B22: =SUM('1_Ubicaciones'!F9:F23)
A23: Ubicaciones con control 'REVISAR' | B23: =COUNTIF('1_Ubicaciones'!H9:H23,"REVISAR")

Sheet 4_Notas
A1: AUTORIDAD NACIONAL DE INFRAESTRUCTURA - ANIN
A2: DIRECCIÓN DE INTERVENCIONES MULTISECTORIALES Y DE EMERGENCIA - DIME
A3: SUBDIRECCIÓN DE ESTUDIOS DE INVERSIÓN - SESDI
A4: 4. NOTAS Y AVISOS
A5: PROYECTO IN PIURA | CUI 2669244 | Cuenca Alta del Río Piura | UTM WGS 84 Zona 17S (EPSG:32717)
A6: Fuente: Medios_Verificadores_E2_IN_Piura_y_Anexo_4.pdf (ANIN-DIME-SESDI), actualizado al 26/10/2026 · Elaboración propia
A8: Índice en línea | B8: Página índice (enlace único) indicada en el PDF:
B9: https://claude.ai/artifact/WgxAXHq51fmUuMA4pQbrXd
A10: Acceso | B10: El acceso a cada documento depende de los permisos del lector en Google Drive.
A11: Enlaces | B11: Los enlaces se tomaron de los hipervínculos incrustados en el PDF (no del texto visible, que aparece cortado en dos líneas).
A12: Fechas | B12: La columna 'Fecha (según fuente)' conserva el texto original, incluidos rangos (p. ej. 27/09–06/10/2026). 'Fecha final' toma el último día del rango para ordenar y filtrar; R14 no tiene fecha en la fuente (—).
A13: Fechas a verificar | B13: El PDF indica 'Actualizado al 26/10/2026' y fecha 26/10/2026 para el Anexo 4 (R15), posterior a la fecha de conversión (18/10/2026). Confirmar si es fecha prevista de presentación. [POR CONFIRMAR]
A14: Repositorio 'Artefacto' | B14: Los Diagnósticos V5 (R01) figuran con repositorio 'Artefacto' en la fuente; su enlace apunta a la carpeta R01 de Google Drive.
A15: Control | B15: La hoja 1 compara el N.° de medios declarado por ubicación con el contado en el registro (COUNTIF); 'OK' indica coincidencia.
