Workbook

Sheet Pendientes por bloque
A1: AUTORIDAD NACIONAL DE INFRAESTRUCTURA - ANIN
A2: DIRECCIÓN DE INTERVENCIONES MULTISECTORIALES Y DE EMERGENCIA - DIME
A3: SUBDIRECCIÓN DE ESTUDIOS DE INVERSIÓN - SESDI
A4: MATRIZ DE PENDIENTES POR BLOQUE – CATÁLOGO V6
A5: PROYECTO IN PIURA | CUI 2669244 | Cuenca Alta del Río Piura | UTM WGS 84 Zona 17S (EPSG:32717)
A6: Fuente: DEM: Copernicus GLO-30 (ESA, 30 m, modelo de superficie). Bloques: capa Bloques V6 (datos/bloques_v6.gpkg) y catálogo V6.
A8: N° | B8: Código | C8: Provincia | D8: Distrito | E8: Microcuenca | F8: Área (ha) | G8: Este (m) | H8: Norte (m) | I8: Área polígono (ha) | J8: Pend. media (%) | K8: Mediana (%) | L8: P90 (%) | M8: Máx. (%) | N8: A 0–2 % | O8: B 2–4 % | P8: C 4–8 % | Q8: D 8–15 % | R8: E 15–25 % | S8: F 25–50 % | T8: G 50–75 % | U8: H >75 % | V8: Área > 75 % (ha) | W8: Ámbito de cálculo
A9: 1 | B9: 27 | C9: Ayabaca | D9: Frías | E9: C1096-Q9556 | F9: 78.154 | G9: 613335 | H9: 9450201 | I9: 78.154 | J9: 60.18 | K9: 60.63 | L9: 86.16 | M9: 137.31 | N9: 0 | O9: 0 | P9: 0.23 | Q9: 1.15 | R9: 6.34 | S9: 24.8 | T9: 42.56 | U9: 24.91 | V9: =F9*U9/100 | W9: Polígono del bloque
A10: 2 | B10: 3 | C10: Ayabaca | D10: Frías | E10: C1096-Q9545 | F10: 459.295 | G10: 606868 | H10: 9458466 | I10: 459.295 | J10: 59.05 | K10: 57.85 | L10: 83.78 | M10: 179.01 | N10: 0.02 | O10: 0.04 | P10: 0.04 | Q10: 0.25 | R10: 2.68 | S10: 30.04 | T10: 49.47 | U10: 17.46 | V10: =F10*U10/100 | W10: Polígono del bloque
A11: 3 | B11: 36 | C11: Ayabaca | D11: Frías | E11: C1096-Q9547 | F11: 24.843 | G11: 606427 | H11: 9454632 | I11: 24.843 | J11: 62.09 | K11: 63.04 | L11: 79.08 | M11: 102.61 | N11: 0 | O11: 0 | P11: 0 | Q11: 0 | R11: 0 | S11: 22.42 | T11: 62.63 | U11: 14.95 | V11: =F11*U11/100 | W11: Polígono del bloque
A12: 4 | B12: 39 | C12: Ayabaca | D12: Frías | E12: C1096-Q9564 | F12: 68.569 | G12: 618492 | H12: 9448899 | I12: 68.569 | J12: 42.08 | K12: 40.73 | L12: 57.07 | M12: 74.45 | N12: 0 | O12: 0 | P12: 0 | Q12: 0 | R12: 1.72 | S12: 76.03 | T12: 22.25 | U12: 0 | V12: =F12*U12/100 | W12: Polígono del bloque
A13: 5 | B13: 56 | C13: Ayabaca | D13: Frías | E13: C1096-Q9564 | F13: 77.666 | G13: 621634 | H13: 9452921 | I13: 77.666 | J13: 52.13 | K13: 52.22 | L13: 66.84 | M13: 87.82 | N13: 0 | O13: 0 | P13: 0 | Q13: 0 | R13: 0.93 | S13: 39.77 | T13: 56.74 | U13: 2.56 | V13: =F13*U13/100 | W13: Polígono del bloque
A14: 6 | B14: 6 | C14: Ayabaca | D14: Frías | E14: C1096-Q9547 | F14: 168.411 | G14: 605722 | H14: 9455309 | I14: 168.411 | J14: 70.11 | K14: 67.63 | L14: 101.06 | M14: 185.38 | N14: 0 | O14: 0 | P14: 0.11 | Q14: 0.59 | R14: 2.46 | S14: 14.43 | T14: 47.35 | U14: 35.06 | V14: =F14*U14/100 | W14: Polígono del bloque
A15: 7 | B15: M17B10 | C15: Ayabaca | D15: Frías | E15: C1096-Q9556 | F15: 75.363 | G15: 606161 | H15: 9447405 | I15: 75.363 | J15: 50.01 | K15: 49.35 | L15: 67.55 | M15: 87.81 | N15: 0 | O15: 0 | P15: 0 | Q15: 0.12 | R15: 1.08 | S15: 51.56 | T15: 43.3 | U15: 3.95 | V15: =F15*U15/100 | W15: Polígono del bloque
A16: 8 | B16: M17B5 | C16: Ayabaca | D16: Frías | E16: C1096-Q9556 | F16: 74.028 | G16: 608834 | H16: 9445570 | I16: 74.028 | J16: 55.72 | K16: 58.23 | L16: 74 | M16: 93.04 | N16: 0 | O16: 0 | P16: 0 | Q16: 0.48 | R16: 1.57 | S16: 31.24 | T16: 58.38 | U16: 8.32 | V16: =F16*U16/100 | W16: Polígono del bloque
A17: 9 | B17: M17B6 | C17: Ayabaca | D17: Frías | E17: C1096-Q9556 | F17: 106.538 | G17: 607162 | H17: 9446245 | I17: 106.538 | J17: 44.65 | K17: 43.47 | L17: 64.58 | M17: 85.79 | N17: 0 | O17: 0 | P17: 0.17 | Q17: 1.7 | R17: 7.05 | S17: 57.05 | T17: 31.07 | U17: 2.97 | V17: =F17*U17/100 | W17: Polígono del bloque
A18: 10 | B18: M17B7 | C18: Ayabaca | D18: Frías | E18: C1096-Q9556 | F18: 258.837 | G18: 608580 | H18: 9448092 | I18: 258.837 | J18: 59.16 | K18: 59.26 | L18: 75.34 | M18: 118.33 | N18: 0 | O18: 0.03 | P18: 0 | Q18: 0 | R18: 0.24 | S18: 22.98 | T18: 66.05 | U18: 10.69 | V18: =F18*U18/100 | W18: Polígono del bloque
A19: 11 | B19: 21 | C19: Huancabamba | D19: Canchaque | E19: C1081-Q9591 | F19: 84.227 | G19: 654617 | H19: 9417734 | I19: 84.227 | J19: 64.37 | K19: 58.44 | L19: 98.67 | M19: 154.59 | N19: 0 | O19: 0 | P19: 0 | Q19: 0 | R19: 0.32 | S19: 29.81 | T19: 42.74 | U19: 27.14 | V19: =F19*U19/100 | W19: Polígono del bloque
A20: 12 | B20: 24 | C20: Huancabamba | D20: Canchaque | E20: C1081-Q9583 | F20: 90.159 | G20: 652192 | H20: 9414358 | I20: 90.159 | J20: 67.06 | K20: 67.24 | L20: 90.97 | M20: 114.7 | N20: 0 | O20: 0.1 | P20: 0 | Q20: 0.3 | R20: 0.7 | S20: 15.58 | T20: 50.65 | U20: 32.67 | V20: =F20*U20/100 | W20: Polígono del bloque
... A125: 117 | B125: M28B4 | C125: Morropón | D125: Yamango | E125: C1086-Q9575 | F125: 283.428 | G125: 626122 | H125: 9427151 | I125: 283.428 | J125: 24.92 | K125: 19.37 | L125: 48.41 | M125: 75 | N125: 0 | O125: 0 | P125: 0.03 | Q125: 29.78 | R125: 34.41 | S125: 27.17 | T125: 8.6 | U125: 0 | V125: =F125*U125/100 | W125: Polígono del bloque
A126: TOTAL | F126: =SUM(F9:F125) | I126: =SUM(I9:I125) | J126: =SUMPRODUCT(F9:F125,J9:J125)/F126 | V126: =SUM(V9:V125)
A128: Pend. media de la fila TOTAL: promedio ponderado por área (SUMPRODUCT).

Sheet Resumen por distrito
A1: AUTORIDAD NACIONAL DE INFRAESTRUCTURA - ANIN
A2: DIRECCIÓN DE INTERVENCIONES MULTISECTORIALES Y DE EMERGENCIA - DIME
A3: SUBDIRECCIÓN DE ESTUDIOS DE INVERSIÓN - SESDI
A4: RESUMEN DE PENDIENTES POR DISTRITO
A5: PROYECTO IN PIURA | CUI 2669244 | Cuenca Alta del Río Piura | UTM WGS 84 Zona 17S (EPSG:32717)
A6: Fuente: DEM: Copernicus GLO-30 (ESA, 30 m, modelo de superficie). Bloques: capa Bloques V6 (datos/bloques_v6.gpkg) y catálogo V6.
A8: Provincia | B8: Distrito | C8: N° bloques | D8: Área (ha) | E8: Área > 75 % (ha) | F8: % > 75 %
A9: Ayabaca | B9: Frías | C9: =COUNTIF('Pendientes por bloque'!$D$9:$D$125,B9) | D9: =SUMIF('Pendientes por bloque'!$D$9:$D$125,B9,'Pendientes por bloque'!$F$9:$F$125) | E9: =SUMIF('Pendientes por bloque'!$D$9:$D$125,B9,'Pendientes por bloque'!$V$9:$V$125) | F9: =IF(D9=0,0,E9/D9*100)
A10: Huancabamba | B10: Canchaque | C10: =COUNTIF('Pendientes por bloque'!$D$9:$D$125,B10) | D10: =SUMIF('Pendientes por bloque'!$D$9:$D$125,B10,'Pendientes por bloque'!$F$9:$F$125) | E10: =SUMIF('Pendientes por bloque'!$D$9:$D$125,B10,'Pendientes por bloque'!$V$9:$V$125) | F10: =IF(D10=0,0,E10/D10*100)
A11: Huancabamba | B11: Huancabamba | C11: =COUNTIF('Pendientes por bloque'!$D$9:$D$125,B11) | D11: =SUMIF('Pendientes por bloque'!$D$9:$D$125,B11,'Pendientes por bloque'!$F$9:$F$125) | E11: =SUMIF('Pendientes por bloque'!$D$9:$D$125,B11,'Pendientes por bloque'!$V$9:$V$125) | F11: =IF(D11=0,0,E11/D11*100)
A12: Huancabamba | B12: Huarmaca | C12: =COUNTIF('Pendientes por bloque'!$D$9:$D$125,B12) | D12: =SUMIF('Pendientes por bloque'!$D$9:$D$125,B12,'Pendientes por bloque'!$F$9:$F$125) | E12: =SUMIF('Pendientes por bloque'!$D$9:$D$125,B12,'Pendientes por bloque'!$V$9:$V$125) | F12: =IF(D12=0,0,E12/D12*100)
A13: Huancabamba | B13: Lalaquiz | C13: =COUNTIF('Pendientes por bloque'!$D$9:$D$125,B13) | D13: =SUMIF('Pendientes por bloque'!$D$9:$D$125,B13,'Pendientes por bloque'!$F$9:$F$125) | E13: =SUMIF('Pendientes por bloque'!$D$9:$D$125,B13,'Pendientes por bloque'!$V$9:$V$125) | F13: =IF(D13=0,0,E13/D13*100)
A14: Huancabamba | B14: San Miguel de El Faique | C14: =COUNTIF('Pendientes por bloque'!$D$9:$D$125,B14) | D14: =SUMIF('Pendientes por bloque'!$D$9:$D$125,B14,'Pendientes por bloque'!$F$9:$F$125) | E14: =SUMIF('Pendientes por bloque'!$D$9:$D$125,B14,'Pendientes por bloque'!$V$9:$V$125) | F14: =IF(D14=0,0,E14/D14*100)
A15: Morropón | B15: Buenos Aires | C15: =COUNTIF('Pendientes por bloque'!$D$9:$D$125,B15) | D15: =SUMIF('Pendientes por bloque'!$D$9:$D$125,B15,'Pendientes por bloque'!$F$9:$F$125) | E15: =SUMIF('Pendientes por bloque'!$D$9:$D$125,B15,'Pendientes por bloque'!$V$9:$V$125) | F15: =IF(D15=0,0,E15/D15*100)
A16: Morropón | B16: Chalaco | C16: =COUNTIF('Pendientes por bloque'!$D$9:$D$125,B16) | D16: =SUMIF('Pendientes por bloque'!$D$9:$D$125,B16,'Pendientes por bloque'!$F$9:$F$125) | E16: =SUMIF('Pendientes por bloque'!$D$9:$D$125,B16,'Pendientes por bloque'!$V$9:$V$125) | F16: =IF(D16=0,0,E16/D16*100)
A17: Morropón | B17: Chulucanas | C17: =COUNTIF('Pendientes por bloque'!$D$9:$D$125,B17) | D17: =SUMIF('Pendientes por bloque'!$D$9:$D$125,B17,'Pendientes por bloque'!$F$9:$F$125) | E17: =SUMIF('Pendientes por bloque'!$D$9:$D$125,B17,'Pendientes por bloque'!$V$9:$V$125) | F17: =IF(D17=0,0,E17/D17*100)
A18: Morropón | B18: Morropón | C18: =COUNTIF('Pendientes por bloque'!$D$9:$D$125,B18) | D18: =SUMIF('Pendientes por bloque'!$D$9:$D$125,B18,'Pendientes por bloque'!$F$9:$F$125) | E18: =SUMIF('Pendientes por bloque'!$D$9:$D$125,B18,'Pendientes por bloque'!$V$9:$V$125) | F18: =IF(D18=0,0,E18/D18*100)
A19: Morropón | B19: Salitral | C19: =COUNTIF('Pendientes por bloque'!$D$9:$D$125,B19) | D19: =SUMIF('Pendientes por bloque'!$D$9:$D$125,B19,'Pendientes por bloque'!$F$9:$F$125) | E19: =SUMIF('Pendientes por bloque'!$D$9:$D$125,B19,'Pendientes por bloque'!$V$9:$V$125) | F19: =IF(D19=0,0,E19/D19*100)
A20: Morropón | B20: San Juan de Bigote | C20: =COUNTIF('Pendientes por bloque'!$D$9:$D$125,B20) | D20: =SUMIF('Pendientes por bloque'!$D$9:$D$125,B20,'Pendientes por bloque'!$F$9:$F$125) | E20: =SUMIF('Pendientes por bloque'!$D$9:$D$125,B20,'Pendientes por bloque'!$V$9:$V$125) | F20: =IF(D20=0,0,E20/D20*100)
... A23: Morropón | B23: Yamango | C23: =COUNTIF('Pendientes por bloque'!$D$9:$D$125,B23) | D23: =SUMIF('Pendientes por bloque'!$D$9:$D$125,B23,'Pendientes por bloque'!$F$9:$F$125) | E23: =SUMIF('Pendientes por bloque'!$D$9:$D$125,B23,'Pendientes por bloque'!$V$9:$V$125) | F23: =IF(D23=0,0,E23/D23*100)
A24: TOTAL | C24: =SUM(C9:C23) | D24: =SUM(D9:D23) | E24: =SUM(E9:E23)

Sheet Notas
A1: AUTORIDAD NACIONAL DE INFRAESTRUCTURA - ANIN
A2: DIRECCIÓN DE INTERVENCIONES MULTISECTORIALES Y DE EMERGENCIA - DIME
A3: SUBDIRECCIÓN DE ESTUDIOS DE INVERSIÓN - SESDI
A4: NOTAS METODOLÓGICAS Y AVISOS
A5: PROYECTO IN PIURA | CUI 2669244 | Cuenca Alta del Río Piura | UTM WGS 84 Zona 17S (EPSG:32717)
A8: 1 | B8: DEM: Copernicus GLO-30 (ESA), resolución 30 m, reproyectado a UTM 17S WGS84 (EPSG:32717) por interpolación bilineal. Es un modelo de SUPERFICIE: en áreas con dosel alto la pendiente puede diferir de la del terreno.
A9: 2 | B9: Pendiente: método de Horn (ventana 3x3), expresada en porcentaje.
A10: 3 | B10: Clases A–H: rangos de pendiente del Reglamento de Clasificación de Tierras por su Capacidad de Uso Mayor (verificar la versión vigente antes de citar). El límite de 75 % coincide con el criterio de idoneidad del Paso 4 de selección de bloques.
A11: 4 | B11: Ámbito de cálculo: 117 de 117 bloques con su polígono (datos/bloques_v6.gpkg, derivado de la capa 'Bloques V6'); el centroide se toma del polígono.
A12: 5 | B12: Área > 75 % (ha) = Área del catálogo × % de la clase H / 100 (estimación).
A13: 6 | B13: Control: 117 bloques vigentes del catálogo V6; área total esperada 12,270.235 ha.
A14: 7 | B14: Aviso: Bloque 56: el centroide de atributos_bloques_v6.csv (631,723, 9,439,702) está a 16,110 m de su polígono; se usa el del polígono (621,634, 9,452,921)
A15: 8 | B15: Aviso: Bloque 57: el centroide de atributos_bloques_v6.csv (631,195, 9,441,777) está a 1,697 m de su polígono; se usa el del polígono (631,727, 9,439,690)
