Workbook

Sheet Índice de mapas
A1: AUTORIDAD NACIONAL DE INFRAESTRUCTURA – ANIN
A2: DIRECCIÓN DE INTERVENCIONES MULTISECTORIALES Y DE EMERGENCIA – DIME
A3: SUBDIRECCIÓN DE ESTUDIOS DE INVERSIÓN – SESDI
A4: Proyecto IN Piura · CUI 2669244 · Entregable 2 · Subentregable 2.2: Expediente preliminar de liberación de áreas
A5: Índice de mapas de situación predial de los 117 bloques V6 (A3, UTM WGS 84 Zona 17S), con centros poblados y red vial departamental y vecinal — información de gabinete
A6: Superficie sin registro en las capas de comunidades campesinas (GEORURAL–MIDAGRI) y predios rurales (COFOPRI): se asume Tierras del Estado y/o posesionarios. Tolerancia cartográfica: 5 %.
A8: Lámina | B8: Bloque | C8: Provincia | D8: Distrito | E8: Asistente | F8: Superficie (ha) | G8: C. C. (ha) | H8: Predios COFOPRI fuera de C. C. (ha) | I8: Estado y/o posesionarios (ha) | J8: % C. C. | K8: % predios | L8: % Estado y/o posesionarios | M8: Situación predial | N8: Comunidad(es) campesina(s) | O8: N° predios COFOPRI | P8: Escala (A3) | Q8: Archivo | R8: N° CCPP asociados | S8: Centros poblados asociados (distancia al bloque) | T8: Fuente de la asociación | U8: Población de los CCPP (hab.)
A9: SP-001 | B9: 3 | C9: Ayabaca | D9: Frías | E9: AP-1 | F9: 459.295 | G9: 459.295 | H9: 0 | I9: =MAX(0,F9-G9-H9) | J9: =IF(F9=0,0,G9/F9) | K9: =IF(F9=0,0,H9/F9) | L9: =IF(F9=0,0,I9/F9) | M9: Comunal | N9: CASTRO POZO DE GERALDO; 24 DE JUNIO LAS CUEVAS | O9: 0 | P9: 1:20,000 | Q9: SP-001_Bloque_3.png | R9: 5 | S9: EL MIRADOR (0 m); LOS CHECCHES (7 m); HUAYABAL (64 m); HUASIPE DE GERALDO (196 m); RINCON DE GERALDO (285 m) | T9: Matriz CCPP-INEI v5 | U9: 495
A10: SP-002 | B10: 6 | C10: Ayabaca | D10: Frías | E10: AP-1 | F10: 168.411 | G10: 143.8 | H10: 0 | I10: =MAX(0,F10-G10-H10) | J10: =IF(F10=0,0,G10/F10) | K10: =IF(F10=0,0,H10/F10) | L10: =IF(F10=0,0,I10/F10) | M10: Parcialmente comunal | N10: 24 DE JUNIO LAS CUEVAS | O10: 0 | P10: 1:15,000 | Q10: SP-002_Bloque_6.png | R10: 3 | S10: GUANABANO ALTO (83 m); NOGAL (262 m); GUABAL (401 m) | T10: Matriz CCPP-INEI v5 | U10: 537
A11: SP-003 | B11: 27 | C11: Ayabaca | D11: Frías | E11: AP-1 | F11: 78.154 | G11: 71.322 | H11: 0 | I11: =MAX(0,F11-G11-H11) | J11: =IF(F11=0,0,G11/F11) | K11: =IF(F11=0,0,H11/F11) | L11: =IF(F11=0,0,I11/F11) | M11: Parcialmente comunal | N11: Sin nombre (ID 1508) | O11: 0 | P11: 1:7,500 | Q11: SP-003_Bloque_27.png | R11: 2 | S11: NUEVA ESPERANZA DE MISQUIS (475 m); LINDEROS DE MISQUIS (566 m) | T11: Matriz CCPP-INEI v5 | U11: 111
A12: SP-004 | B12: 36 | C12: Ayabaca | D12: Frías | E12: AP-1 | F12: 24.843 | G12: 1.133 | H12: 0 | I12: =MAX(0,F12-G12-H12) | J12: =IF(F12=0,0,G12/F12) | K12: =IF(F12=0,0,H12/F12) | L12: =IF(F12=0,0,I12/F12) | M12: Tierras del Estado y/o posesionarios | N12: 24 DE JUNIO LAS CUEVAS | O12: 0 | P12: 1:5,000 | Q12: SP-004_Bloque_36.png | R12: 1 | S12: GUABAL (526 m) | T12: Matriz CCPP-INEI v5 | U12: 280
A13: SP-005 | B13: 39 | C13: Ayabaca | D13: Frías | E13: AP-1 | F13: 68.569 | G13: 68.569 | H13: 0 | I13: =MAX(0,F13-G13-H13) | J13: =IF(F13=0,0,G13/F13) | K13: =IF(F13=0,0,H13/F13) | L13: =IF(F13=0,0,I13/F13) | M13: Comunal | N13: Sin nombre (ID 1508) | O13: 0 | P13: 1:6,000 | Q13: SP-005_Bloque_39.png | R13: 1 | S13: LA CRIA (404 m) | T13: Matriz CCPP-INEI v5 | U13: 327
A14: SP-006 | B14: 56 | C14: Ayabaca | D14: Frías | E14: AP-1 | F14: 77.666 | G14: 77.666 | H14: 0 | I14: =MAX(0,F14-G14-H14) | J14: =IF(F14=0,0,G14/F14) | K14: =IF(F14=0,0,H14/F14) | L14: =IF(F14=0,0,I14/F14) | M14: Comunal | N14: Sin nombre (ID 1508) | O14: 0 | P14: 1:12,500 | Q14: SP-006_Bloque_56.png | R14: 2 | S14: BANDA DE LA CRUZ (1462 m); PUTAGAS (1478 m) | T14: Matriz CCPP-INEI v5 | U14: 375
A15: SP-007 | B15: M17B5 | C15: Ayabaca | D15: Frías | E15: AP-1 | F15: 74.028 | G15: 74.028 | H15: 0 | I15: =MAX(0,F15-G15-H15) | J15: =IF(F15=0,0,G15/F15) | K15: =IF(F15=0,0,H15/F15) | L15: =IF(F15=0,0,I15/F15) | M15: Comunal | N15: SAN JOSE; MISQUIS | O15: 0 | P15: 1:6,000 | Q15: SP-007_Bloque_M17B5.png | R15: 0 | S15: Ref.: EL GUABO (40 m) | T15: Sin CCPP en la matriz
A16: SP-008 | B16: M17B6 | C16: Ayabaca | D16: Frías | E16: AP-1 | F16: 106.538 | G16: 103.586 | H16: 0 | I16: =MAX(0,F16-G16-H16) | J16: =IF(F16=0,0,G16/F16) | K16: =IF(F16=0,0,H16/F16) | L16: =IF(F16=0,0,I16/F16) | M16: Comunal | N16: MISQUIS | O16: 0 | P16: 1:15,000 | Q16: SP-008_Bloque_M17B6.png | R16: 3 | S16: PLATANAL ALTO (171 m); CHILILIQUE ALTO (262 m); EL GUABO (629 m) | T16: Matriz CCPP-INEI v5 | U16: 589
A17: SP-009 | B17: M17B7 | C17: Ayabaca | D17: Frías | E17: AP-1 | F17: 258.837 | G17: 167.601 | H17: 0 | I17: =MAX(0,F17-G17-H17) | J17: =IF(F17=0,0,G17/F17) | K17: =IF(F17=0,0,H17/F17) | L17: =IF(F17=0,0,I17/F17) | M17: Parcialmente comunal | N17: MISQUIS | O17: 0 | P17: 1:20,000 | Q17: SP-009_Bloque_M17B7.png | R17: 1 | S17: PAMPA DE RAMADA (284 m) | T17: Matriz CCPP-INEI v5 | U17: 107
A18: SP-010 | B18: M17B10 | C18: Ayabaca | D18: Frías | E18: AP-1 | F18: 75.363 | G18: 0 | H18: 0 | I18: =MAX(0,F18-G18-H18) | J18: =IF(F18=0,0,G18/F18) | K18: =IF(F18=0,0,H18/F18) | L18: =IF(F18=0,0,I18/F18) | M18: Tierras del Estado y/o posesionarios | O18: 0 | P18: 1:7,500 | Q18: SP-010_Bloque_M17B10.png | R18: 0 | S18: Ref.: PLATANAL ALTO (691 m) | T18: Sin CCPP en la matriz
A19: SP-011 | B19: 21 | C19: Huancabamba | D19: Canchaque | E19: AP-5 | F19: 84.227 | G19: 0 | H19: 0 | I19: =MAX(0,F19-G19-H19) | J19: =IF(F19=0,0,G19/F19) | K19: =IF(F19=0,0,H19/F19) | L19: =IF(F19=0,0,I19/F19) | M19: Tierras del Estado y/o posesionarios | O19: 0 | P19: 1:6,000 | Q19: SP-011_Bloque_21.png | R19: 1 | S19: HUAMALA ALTO (46 m) | T19: Matriz CCPP-INEI v5 | U19: 47
A20: SP-012 | B20: 24 | C20: Huancabamba | D20: Canchaque | E20: AP-5 | F20: 90.159 | G20: 2.067 | H20: 0 | I20: =MAX(0,F20-G20-H20) | J20: =IF(F20=0,0,G20/F20) | K20: =IF(F20=0,0,H20/F20) | L20: =IF(F20=0,0,I20/F20) | M20: Tierras del Estado y/o posesionarios | N20: Sin nombre (ID 2327) | O20: 0 | P20: 1:7,500 | Q20: SP-012_Bloque_24.png | R20: 1 | S20: COYONA (575 m) | T20: Matriz CCPP-INEI v5 | U20: 443
A21: SP-013 | B21: 28 | C21: Huancabamba | D21: Canchaque | E21: AP-5 | F21: 52.966 | G21: 0 | H21: 14.252 | I21: =MAX(0,F21-G21-H21) | J21: =IF(F21=0,0,G21/F21) | K21: =IF(F21=0,0,H21/F21) | L21: =IF(F21=0,0,I21/F21) | M21: Parcialmente privada | O21: 17 | P21: 1:7,500 | Q21: SP-013_Bloque_28.png | R21: 1 | S21: ABALQUE (215 m) | T21: Matriz CCPP-INEI v5 | U21: 66
A22: SP-014 | B22: 30 | C22: Huancabamba | D22: Canchaque | E22: AP-5 | F22: 34.874 | G22: 0 | H22: 33.133 | I22: =MAX(0,F22-G22-H22) | J22: =IF(F22=0,0,G22/F22) | K22: =IF(F22=0,0,H22/F22) | L22: =IF(F22=0,0,I22/F22) | M22: Privada | O22: 10 | P22: 1:10,000 | Q22: SP-014_Bloque_30.png | R22: 2 | S22: SAPCE (992 m); CHAMELICO (1505 m) | T22: Matriz CCPP-INEI v5 | U22: 168
A23: SP-015 | B23: 40 | C23: Huancabamba | D23: Canchaque | E23: AP-5 | F23: 28.523 | G23: 0 | H23: 15.262 | I23: =MAX(0,F23-G23-H23) | J23: =IF(F23=0,0,G23/F23) | K23: =IF(F23=0,0,H23/F23) | L23: =IF(F23=0,0,I23/F23) | M23: Parcialmente privada | O23: 12 | P23: 1:4,000 | Q23: SP-015_Bloque_40.png | R23: 2 | S23: CHACCHACAL (87 m); CHORRO BLANCO (96 m) | T23: Matriz CCPP-INEI v5 | U23: 58
A24: SP-016 | B24: 60 | C24: Huancabamba | D24: Canchaque | E24: AP-5 | F24: 40.132 | G24: 0 | H24: 39.963 | I24: =MAX(0,F24-G24-H24) | J24: =IF(F24=0,0,G24/F24) | K24: =IF(F24=0,0,H24/F24) | L24: =IF(F24=0,0,I24/F24) | M24: Privada | O24: 14 | P24: 1:7,500 | Q24: SP-016_Bloque_60.png | R24: 1 | S24: FLOR DE CAFE (574 m) | T24: Matriz CCPP-INEI v5 | U24: 111
A25: SP-017 | B25: 63 | C25: Huancabamba | D25: Canchaque | E25: AP-5 | F25: 50.459 | G25: 50.459 | H25: 0 | I25: =MAX(0,F25-G25-H25) | J25: =IF(F25=0,0,G25/F25) | K25: =IF(F25=0,0,H25/F25) | L25: =IF(F25=0,0,I25/F25) | M25: Comunal | N25: Sin nombre (ID 2790) | O25: 0 | P25: 1:5,000 | Q25: SP-017_Bloque_63.png | R25: 1 | S25: SHUTURUMBE (108 m) | T25: Matriz CCPP-INEI v5 | U25: 87
A26: SP-018 | B26: 66 | C26: Huancabamba | D26: Canchaque | E26: AP-5 | F26: 102.335 | G26: 0 | H26: 0 | I26: =MAX(0,F26-G26-H26) | J26: =IF(F26=0,0,G26/F26) | K26: =IF(F26=0,0,H26/F26) | L26: =IF(F26=0,0,I26/F26) | M26: Tierras del Estado y/o posesionarios | O26: 0 | P26: 1:10,000 | Q26: SP-018_Bloque_66.png | R26: 1 | S26: HUAMALA BAJA (220 m) | T26: Matriz CCPP-INEI v5 | U26: 45
A27: SP-019 | B27: 79 | C27: Huancabamba | D27: Canchaque | E27: AP-5 | F27: 94.812 | G27: 94.812 | H27: 0 | I27: =MAX(0,F27-G27-H27) | J27: =IF(F27=0,0,G27/F27) | K27: =IF(F27=0,0,H27/F27) | L27: =IF(F27=0,0,I27/F27) | M27: Comunal | N27: Sin nombre (ID 2790) | O27: 0 | P27: 1:12,500 | Q27: SP-019_Bloque_79.png | R27: 2 | S27: HUABAL (740 m); ALMIRANTE MIGUEL GRAU (1043 m) | T27: Matriz CCPP-INEI v5 | U27: 219
A28: SP-020 | B28: 81 | C28: Huancabamba | D28: Canchaque | E28: AP-5 | F28: 8.929 | G28: 8.929 | H28: 0 | I28: =MAX(0,F28-G28-H28) | J28: =IF(F28=0,0,G28/F28) | K28: =IF(F28=0,0,H28/F28) | L28: =IF(F28=0,0,I28/F28) | M28: Comunal | N28: Sin nombre (ID 2790) | O28: 0 | P28: 1:3,000 | Q28: SP-020_Bloque_81.png | R28: 1 | S28: HUALTACAL (129 m) | T28: Matriz CCPP-INEI v5 | U28: 80
A29: SP-021 | B29: 64 | C29: Huancabamba | D29: Huancabamba | E29: AP-5 | F29: 35.774 | G29: 0 | H29: 0 | I29: =MAX(0,F29-G29-H29) | J29: =IF(F29=0,0,G29/F29) | K29: =IF(F29=0,0,H29/F29) | L29: =IF(F29=0,0,I29/F29) | M29: Tierras del Estado y/o posesionarios | O29: 0 | P29: 1:7,500 | Q29: SP-021_Bloque_64.png | R29: 1 | S29: PARIAMARCA CENTRO (887 m) | T29: Matriz CCPP-INEI v5 | U29: 311
A30: SP-022 | B30: M30B5 | C30: Huancabamba | D30: Huancabamba | E30: AP-5 | F30: 90.903 | G30: 0 | H30: 0 | I30: =MAX(0,F30-G30-H30) | J30: =IF(F30=0,0,G30/F30) | K30: =IF(F30=0,0,H30/F30) | L30: =IF(F30=0,0,I30/F30) | M30: Tierras del Estado y/o posesionarios | O30: 0 | P30: 1:10,000 | Q30: SP-022_Bloque_M30B5.png | R30: 0 | S30: Ref.: PARIAMARCA CENTRO (1250 m) | T30: Sin CCPP en la matriz
A31: SP-023 | B31: 4 | C31: Huancabamba | D31: Huarmaca | E31: AP-5 | F31: 230.098 | G31: 0 | H31: 14.559 | I31: =MAX(0,F31-G31-H31) | J31: =IF(F31=0,0,G31/F31) | K31: =IF(F31=0,0,H31/F31) | L31: =IF(F31=0,0,I31/F31) | M31: Parcialmente privada | O31: 37 | P31: 1:20,000 | Q31: SP-023_Bloque_4.png | R31: 2 | S31: LA RINCONADA (1066 m); SAN ANTONIO DE SUCCHIRCA (1176 m) | T31: Matriz CCPP-INEI v5 | U31: 385
A32: SP-024 | B32: 8 | C32: Huancabamba | D32: Huarmaca | E32: AP-5 | F32: 126.952 | G32: 0 | H32: 0 | I32: =MAX(0,F32-G32-H32) | J32: =IF(F32=0,0,G32/F32) | K32: =IF(F32=0,0,H32/F32) | L32: =IF(F32=0,0,I32/F32) | M32: Tierras del Estado y/o posesionarios | O32: 0 | P32: 1:10,000 | Q32: SP-024_Bloque_8.png | R32: 1 | S32: PIRGA (414 m) | T32: Matriz CCPP-INEI v5 | U32: 322
A33: SP-025 | B33: 10 | C33: Huancabamba | D33: Huarmaca | E33: AP-5 | F33: 150.214 | G33: 0 | H33: 0 | I33: =MAX(0,F33-G33-H33) | J33: =IF(F33=0,0,G33/F33) | K33: =IF(F33=0,0,H33/F33) | L33: =IF(F33=0,0,I33/F33) | M33: Tierras del Estado y/o posesionarios | O33: 0 | P33: 1:12,500 | Q33: SP-025_Bloque_10.png | R33: 1 | S33: LA PEÑA (113 m) | T33: Matriz CCPP-INEI v5 | U33: 146
A34: SP-026 | B34: 16 | C34: Huancabamba | D34: Huarmaca | E34: AP-5 | F34: 83.327 | G34: 0 | H34: 0 | I34: =MAX(0,F34-G34-H34) | J34: =IF(F34=0,0,G34/F34) | K34: =IF(F34=0,0,H34/F34) | L34: =IF(F34=0,0,I34/F34) | M34: Tierras del Estado y/o posesionarios | O34: 0 | P34: 1:12,500 | Q34: SP-026_Bloque_16.png | R34: 1 | S34: LAGUNA DE PALTAMA (287 m) | T34: Matriz CCPP-INEI v5 | U34: 153
A35: SP-027 | B35: 18 | C35: Huancabamba | D35: Huarmaca | E35: AP-6 | F35: 103.617 | G35: 0 | H35: 11.017 | I35: =MAX(0,F35-G35-H35) | J35: =IF(F35=0,0,G35/F35) | K35: =IF(F35=0,0,H35/F35) | L35: =IF(F35=0,0,I35/F35) | M35: Parcialmente privada | O35: 7 | P35: 1:10,000 | Q35: SP-027_Bloque_18.png | R35: 1 | S35: PIEDRA BLANCA (378 m) | T35: Matriz CCPP-INEI v5 | U35: 28
A36: SP-028 | B36: 19 | C36: Huancabamba | D36: Huarmaca | E36: AP-6 | F36: 82.088 | G36: 82.088 | H36: 0 | I36: =MAX(0,F36-G36-H36) | J36: =IF(F36=0,0,G36/F36) | K36: =IF(F36=0,0,H36/F36) | L36: =IF(F36=0,0,I36/F36) | M36: Comunal | N36: SEGUNDA | O36: 0 | P36: 1:10,000 | Q36: SP-028_Bloque_19.png | R36: 2 | S36: NUEVO PROGRESO (169 m); TABLURAN (593 m) | T36: Matriz CCPP-INEI v5 | U36: 132
A37: SP-029 | B37: 20 | C37: Huancabamba | D37: Huarmaca | E37: AP-5 | F37: 81.334 | G37: 0 | H37: 0 | I37: =MAX(0,F37-G37-H37) | J37: =IF(F37=0,0,G37/F37) | K37: =IF(F37=0,0,H37/F37) | L37: =IF(F37=0,0,I37/F37) | M37: Tierras del Estado y/o posesionarios | O37: 0 | P37: 1:7,500 | Q37: SP-029_Bloque_20.png | R37: 1 | S37: TUPAC AMARU (249 m) | T37: Matriz CCPP-INEI v5 | U37: 149
A38: SP-030 | B38: 31 | C38: Huancabamba | D38: Huarmaca | E38: AP-6 | F38: 47.581 | G38: 0 | H38: 1.069 | I38: =MAX(0,F38-G38-H38) | J38: =IF(F38=0,0,G38/F38) | K38: =IF(F38=0,0,H38/F38) | L38: =IF(F38=0,0,I38/F38) | M38: Tierras del Estado y/o posesionarios | O38: 7 | P38: 1:10,000 | Q38: SP-030_Bloque_31.png | R38: 0 | S38: Ref.: LIMON (1511 m) | T38: Sin CCPP en la matriz
A39: SP-031 | B39: 41 | C39: Huancabamba | D39: Huarmaca | E39: AP-6 | F39: 64.923 | G39: 0 | H39: 8.077 | I39: =MAX(0,F39-G39-H39) | J39: =IF(F39=0,0,G39/F39) | K39: =IF(F39=0,0,H39/F39) | L39: =IF(F39=0,0,I39/F39) | M39: Parcialmente privada | O39: 10 | P39: 1:10,000 | Q39: SP-031_Bloque_41.png | R39: 1 | S39: CAMBRURAN (110 m) | T39: Matriz CCPP-INEI v5 | U39: 54
A40: SP-032 | B40: 51 | C40: Huancabamba | D40: Huarmaca | E40: AP-5 | F40: 22.927 | G40: 0 | H40: 19.635 | I40: =MAX(0,F40-G40-H40) | J40: =IF(F40=0,0,G40/F40) | K40: =IF(F40=0,0,H40/F40) | L40: =IF(F40=0,0,I40/F40) | M40: Parcialmente privada | O40: 12 | P40: 1:7,500 | Q40: SP-032_Bloque_51.png | R40: 2 | S40: TALLA (275 m); SHAIN (1013 m) | T40: Matriz CCPP-INEI v5 | U40: 348
A41: SP-033 | B41: 53 | C41: Huancabamba | D41: Huarmaca | E41: AP-6 | F41: 13.065 | G41: 0 | H41: 4.613 | I41: =MAX(0,F41-G41-H41) | J41: =IF(F41=0,0,G41/F41) | K41: =IF(F41=0,0,H41/F41) | L41: =IF(F41=0,0,I41/F41) | M41: Parcialmente privada | O41: 5 | P41: 1:4,000 | Q41: SP-033_Bloque_53.png | R41: 1 | S41: ZURURAN (209 m) | T41: Matriz CCPP-INEI v5 | U41: 140
A42: SP-034 | B42: 69 | C42: Huancabamba | D42: Huarmaca | E42: AP-6 | F42: 19.425 | G42: 0 | H42: 4.006 | I42: =MAX(0,F42-G42-H42) | J42: =IF(F42=0,0,G42/F42) | K42: =IF(F42=0,0,H42/F42) | L42: =IF(F42=0,0,I42/F42) | M42: Parcialmente privada | O42: 3 | P42: 1:4,000 | Q42: SP-034_Bloque_69.png | R42: 2 | S42: MOLLE (426 m); HUALANGA PAMPA (2113 m) | T42: Matriz CCPP-INEI v5 | U42: 133
A43: SP-035 | B43: 70 | C43: Huancabamba | D43: Huarmaca | E43: AP-6 | F43: 22.388 | G43: 0 | H43: 4.707 | I43: =MAX(0,F43-G43-H43) | J43: =IF(F43=0,0,G43/F43) | K43: =IF(F43=0,0,H43/F43) | L43: =IF(F43=0,0,I43/F43) | M43: Parcialmente privada | O43: 6 | P43: 1:5,000 | Q43: SP-035_Bloque_70.png | R43: 1 | S43: ZURURAN (219 m) | T43: Matriz CCPP-INEI v5 | U43: 140
A44: SP-036 | B44: 71 | C44: Huancabamba | D44: Huarmaca | E44: AP-5 | F44: 10.673 | G44: 0 | H44: 0 | I44: =MAX(0,F44-G44-H44) | J44: =IF(F44=0,0,G44/F44) | K44: =IF(F44=0,0,H44/F44) | L44: =IF(F44=0,0,I44/F44) | M44: Tierras del Estado y/o posesionarios | O44: 0 | P44: 1:3,000 | Q44: SP-036_Bloque_71.png | R44: 1 | S44: PIRGA (206 m) | T44: Matriz CCPP-INEI v5 | U44: 322
A45: SP-037 | B45: 72 | C45: Huancabamba | D45: Huarmaca | E45: AP-6 | F45: 12.398 | G45: 0 | H45: 11.894 | I45: =MAX(0,F45-G45-H45) | J45: =IF(F45=0,0,G45/F45) | K45: =IF(F45=0,0,H45/F45) | L45: =IF(F45=0,0,I45/F45) | M45: Privada | O45: 17 | P45: 1:3,000 | Q45: SP-037_Bloque_72.png | R45: 1 | S45: RAMON CASTILLA (107 m) | T45: Matriz CCPP-INEI v5 | U45: 216
A46: SP-038 | B46: 73 | C46: Huancabamba | D46: Huarmaca | E46: AP-6 | F46: 54.29 | G46: 0 | H46: 14.551 | I46: =MAX(0,F46-G46-H46) | J46: =IF(F46=0,0,G46/F46) | K46: =IF(F46=0,0,H46/F46) | L46: =IF(F46=0,0,I46/F46) | M46: Parcialmente privada | O46: 15 | P46: 1:7,500 | Q46: SP-038_Bloque_73.png | R46: 1 | S46: CHOCOCA (762 m) | T46: Matriz CCPP-INEI v5 | U46: 104
A47: SP-039 | B47: 76 | C47: Huancabamba | D47: Huarmaca | E47: AP-5 | F47: 19.615 | G47: 0 | H47: 11.334 | I47: =MAX(0,F47-G47-H47) | J47: =IF(F47=0,0,G47/F47) | K47: =IF(F47=0,0,H47/F47) | L47: =IF(F47=0,0,I47/F47) | M47: Parcialmente privada | O47: 10 | P47: 1:4,000 | Q47: SP-039_Bloque_76.png | R47: 2 | S47: SAHUATE HUALANGA (151 m); HUALANGA (202 m) | T47: Matriz CCPP-INEI v5 | U47: 388
A48: SP-040 | B48: 80 | C48: Huancabamba | D48: Huarmaca | E48: AP-5 | F48: 28.83 | G48: 0 | H48: 0.182 | I48: =MAX(0,F48-G48-H48) | J48: =IF(F48=0,0,G48/F48) | K48: =IF(F48=0,0,H48/F48) | L48: =IF(F48=0,0,I48/F48) | M48: Tierras del Estado y/o posesionarios | O48: 2 | P48: 1:6,000 | Q48: SP-040_Bloque_80.png | R48: 2 | S48: YUMBE (320 m); CRUZ ROJA (426 m) | T48: Matriz CCPP-INEI v5 | U48: 156
A49: SP-041 | B49: M4B3 | C49: Huancabamba | D49: Huarmaca | E49: AP-6 | F49: 234.069 | G49: 91.505 | H49: 0 | I49: =MAX(0,F49-G49-H49) | J49: =IF(F49=0,0,G49/F49) | K49: =IF(F49=0,0,H49/F49) | L49: =IF(F49=0,0,I49/F49) | M49: Parcialmente comunal | N49: Sin nombre (ID 2735) | O49: 0 | P49: 1:12,500 | Q49: SP-041_Bloque_M4B3.png | R49: 1 | S49: CHIGNIA BAJA (846 m) | T49: Matriz CCPP-INEI v5 | U49: 161
A50: SP-042 | B50: M4B4 | C50: Huancabamba | D50: Huarmaca | E50: AP-6 | F50: 289.914 | G50: 289.625 | H50: 0 | I50: =MAX(0,F50-G50-H50) | J50: =IF(F50=0,0,G50/F50) | K50: =IF(F50=0,0,H50/F50) | L50: =IF(F50=0,0,I50/F50) | M50: Comunal | N50: Sin nombre (ID 2735) | O50: 0 | P50: 1:20,000 | Q50: SP-042_Bloque_M4B4.png | R50: 2 | S50: HUALCAS II (122 m); HUALCAS I (413 m) | T50: Matriz CCPP-INEI v5 | U50: 279
A51: SP-043 | B51: M12B1 | C51: Huancabamba | D51: Huarmaca | E51: AP-5 | F51: 268.393 | G51: 98.362 | H51: 0 | I51: =MAX(0,F51-G51-H51) | J51: =IF(F51=0,0,G51/F51) | K51: =IF(F51=0,0,H51/F51) | L51: =IF(F51=0,0,I51/F51) | M51: Parcialmente comunal | N51: Sin nombre (ID 2735); Sin nombre (ID 2970) | O51: 0 | P51: 1:15,000 | Q51: SP-043_Bloque_M12B1.png | R51: 2 | S51: NUEVA ESPERANZA (95 m); FAICALITO (601 m) | T51: Matriz CCPP-INEI v5 | U51: 220
A52: SP-044 | B52: 26 | C52: Huancabamba | D52: Lalaquiz | E52: PENDIENTE | F52: 46.962 | G52: 0 | H52: 0.027 | I52: =MAX(0,F52-G52-H52) | J52: =IF(F52=0,0,G52/F52) | K52: =IF(F52=0,0,H52/F52) | L52: =IF(F52=0,0,I52/F52) | M52: Tierras del Estado y/o posesionarios | O52: 1 | P52: 1:6,000 | Q52: SP-044_Bloque_26.png | R52: 1 | S52: LA LAGUNA (194 m) | T52: Matriz CCPP-INEI v5
A53: SP-045 | B53: 34 | C53: Huancabamba | D53: Lalaquiz | E53: PENDIENTE | F53: 28.45 | G53: 0 | H53: 0.972 | I53: =MAX(0,F53-G53-H53) | J53: =IF(F53=0,0,G53/F53) | K53: =IF(F53=0,0,H53/F53) | L53: =IF(F53=0,0,I53/F53) | M53: Tierras del Estado y/o posesionarios | O53: 3 | P53: 1:7,500 | Q53: SP-045_Bloque_34.png | R53: 2 | S53: MARAY GRANDE (358 m); MARAY CHICO (865 m) | T53: Matriz CCPP-INEI v5 | U53: 142
A54: SP-046 | B54: 37 | C54: Huancabamba | D54: Lalaquiz | E54: PENDIENTE | F54: 35.491 | G54: 0 | H54: 4.985 | I54: =MAX(0,F54-G54-H54) | J54: =IF(F54=0,0,G54/F54) | K54: =IF(F54=0,0,H54/F54) | L54: =IF(F54=0,0,I54/F54) | M54: Parcialmente privada | O54: 3 | P54: 1:5,000 | Q54: SP-046_Bloque_37.png | R54: 1 | S54: EL PAPAYO (234 m) | T54: Matriz CCPP-INEI v5
A55: SP-047 | B55: 38 | C55: Huancabamba | D55: Lalaquiz | E55: PENDIENTE | F55: 44.201 | G55: 0 | H55: 3.654 | I55: =MAX(0,F55-G55-H55) | J55: =IF(F55=0,0,G55/F55) | K55: =IF(F55=0,0,H55/F55) | L55: =IF(F55=0,0,I55/F55) | M55: Parcialmente privada | O55: 39 | P55: 1:7,500 | Q55: SP-047_Bloque_38.png | R55: 1 | S55: ULLMA (530 m) | T55: Matriz CCPP-INEI v5 | U55: 157
A56: SP-048 | B56: 50 | C56: Huancabamba | D56: Lalaquiz | E56: PENDIENTE | F56: 19.266 | G56: 0 | H56: 0 | I56: =MAX(0,F56-G56-H56) | J56: =IF(F56=0,0,G56/F56) | K56: =IF(F56=0,0,H56/F56) | L56: =IF(F56=0,0,I56/F56) | M56: Tierras del Estado y/o posesionarios | O56: 0 | P56: 1:4,000 | Q56: SP-048_Bloque_50.png | R56: 0 | S56: Ref.: NARANJITO (849 m) | T56: Sin CCPP en la matriz
A57: SP-049 | B57: 61 | C57: Huancabamba | D57: Lalaquiz | E57: PENDIENTE | F57: 26.826 | G57: 0 | H57: 0 | I57: =MAX(0,F57-G57-H57) | J57: =IF(F57=0,0,G57/F57) | K57: =IF(F57=0,0,H57/F57) | L57: =IF(F57=0,0,I57/F57) | M57: Tierras del Estado y/o posesionarios | O57: 0 | P57: 1:5,000 | Q57: SP-049_Bloque_61.png | R57: 1 | S57: PEDREGAL (222 m) | T57: Matriz CCPP-INEI v5 | U57: 14
A58: SP-050 | B58: 9 | C58: Huancabamba | D58: San Miguel de El Faique | E58: AP-6 | F58: 109.861 | G58: 0 | H58: 15.375 | I58: =MAX(0,F58-G58-H58) | J58: =IF(F58=0,0,G58/F58) | K58: =IF(F58=0,0,H58/F58) | L58: =IF(F58=0,0,I58/F58) | M58: Parcialmente privada | O58: 27 | P58: 1:12,500 | Q58: SP-050_Bloque_9.png | R58: 2 | S58: EL HIGUERON (1057 m); LA CAPILLA (1070 m) | T58: Matriz CCPP-INEI v5 | U58: 248
A59: SP-051 | B59: 35 | C59: Huancabamba | D59: San Miguel de El Faique | E59: AP-6 | F59: 30.804 | G59: 0 | H59: 24.518 | I59: =MAX(0,F59-G59-H59) | J59: =IF(F59=0,0,G59/F59) | K59: =IF(F59=0,0,H59/F59) | L59: =IF(F59=0,0,I59/F59) | M59: Parcialmente privada | O59: 23 | P59: 1:5,000 | Q59: SP-051_Bloque_35.png | R59: 2 | S59: CHAMELICO (185 m); QUITAHUAJARA (213 m) | T59: Matriz CCPP-INEI v5 | U59: 198
A60: SP-052 | B60: 43 | C60: Huancabamba | D60: San Miguel de El Faique | E60: AP-6 | F60: 23.171 | G60: 0 | H60: 21.913 | I60: =MAX(0,F60-G60-H60) | J60: =IF(F60=0,0,G60/F60) | K60: =IF(F60=0,0,H60/F60) | L60: =IF(F60=0,0,I60/F60) | M60: Parcialmente privada | O60: 20 | P60: 1:5,000 | Q60: SP-052_Bloque_43.png | R60: 2 | S60: PIZARRUME (123 m); COYONA (260 m) | T60: Matriz CCPP-INEI v5 | U60: 296
A61: SP-053 | B61: 44 | C61: Huancabamba | D61: San Miguel de El Faique | E61: AP-6 | F61: 28.234 | G61: 0 | H61: 0 | I61: =MAX(0,F61-G61-H61) | J61: =IF(F61=0,0,G61/F61) | K61: =IF(F61=0,0,H61/F61) | L61: =IF(F61=0,0,I61/F61) | M61: Tierras del Estado y/o posesionarios | O61: 0 | P61: 1:10,000 | Q61: SP-053_Bloque_44.png | R61: 1 | S61: CRUZ DE PIEDRA (1053 m) | T61: Matriz CCPP-INEI v5 | U61: 74
A62: SP-054 | B62: 47 | C62: Huancabamba | D62: San Miguel de El Faique | E62: AP-6 | F62: 13.551 | G62: 0 | H62: 1.964 | I62: =MAX(0,F62-G62-H62) | J62: =IF(F62=0,0,G62/F62) | K62: =IF(F62=0,0,H62/F62) | L62: =IF(F62=0,0,I62/F62) | M62: Parcialmente privada | O62: 4 | P62: 1:7,500 | Q62: SP-054_Bloque_47.png | R62: 1 | S62: GASPAR (777 m) | T62: Matriz CCPP-INEI v5 | U62: 132
A63: SP-055 | B63: 67 | C63: Huancabamba | D63: San Miguel de El Faique | E63: AP-6 | F63: 13.184 | G63: 0 | H63: 0 | I63: =MAX(0,F63-G63-H63) | J63: =IF(F63=0,0,G63/F63) | K63: =IF(F63=0,0,H63/F63) | L63: =IF(F63=0,0,I63/F63) | M63: Tierras del Estado y/o posesionarios | O63: 0 | P63: 1:3,000 | Q63: SP-055_Bloque_67.png | R63: 1 | S63: PIEDRA GRANDE (1576 m) | T63: Matriz CCPP-INEI v5
A64: SP-056 | B64: M2B8 | C64: Huancabamba | D64: San Miguel de El Faique | E64: AP-6 | F64: 116.099 | G64: 0 | H64: 0 | I64: =MAX(0,F64-G64-H64) | J64: =IF(F64=0,0,G64/F64) | K64: =IF(F64=0,0,H64/F64) | L64: =IF(F64=0,0,I64/F64) | M64: Tierras del Estado y/o posesionarios | O64: 0 | P64: 1:10,000 | Q64: SP-056_Bloque_M2B8.png | R64: 2 | S64: LAS HUACAS (259 m); HUACAS BAJA (600 m) | T64: Matriz CCPP-INEI v5 | U64: 140
A65: SP-057 | B65: M20B1 | C65: Huancabamba | D65: San Miguel de El Faique | E65: AP-6 | F65: 279.68 | G65: 0 | H65: 0 | I65: =MAX(0,F65-G65-H65) | J65: =IF(F65=0,0,G65/F65) | K65: =IF(F65=0,0,H65/F65) | L65: =IF(F65=0,0,I65/F65) | M65: Tierras del Estado y/o posesionarios | O65: 0 | P65: 1:20,000 | Q65: SP-057_Bloque_M20B1.png | R65: 1 | S65: LAS HUACAS (194 m) | T65: Matriz CCPP-INEI v5
A66: SP-058 | B66: M22B1 | C66: Huancabamba | D66: San Miguel de El Faique | E66: AP-6 | F66: 55.17 | G66: 0 | H66: 1.531 | I66: =MAX(0,F66-G66-H66) | J66: =IF(F66=0,0,G66/F66) | K66: =IF(F66=0,0,H66/F66) | L66: =IF(F66=0,0,I66/F66) | M66: Tierras del Estado y/o posesionarios | O66: 3 | P66: 1:7,500 | Q66: SP-058_Bloque_M22B1.png | R66: 1 | S66: SANTA ROSA (264 m) | T66: Matriz CCPP-INEI v5 | U66: 23
A67: SP-059 | B67: 5 | C67: Morropón | D67: Buenos Aires | E67: AP-2 | F67: 295.726 | G67: 0 | H67: 0 | I67: =MAX(0,F67-G67-H67) | J67: =IF(F67=0,0,G67/F67) | K67: =IF(F67=0,0,H67/F67) | L67: =IF(F67=0,0,I67/F67) | M67: Tierras del Estado y/o posesionarios | O67: 0 | P67: 1:20,000 | Q67: SP-059_Bloque_5.png | R67: 3 | S67: LINDEROS DEL ALA (197 m); EL ALA (239 m); JUAN VELASCO (338 m) | T67: Matriz CCPP-INEI v5 | U67: 186
A68: SP-060 | B68: M1B1 | C68: Morropón | D68: Buenos Aires | E68: AP-2 | F68: 188.797 | G68: 0 | H68: 0 | I68: =MAX(0,F68-G68-H68) | J68: =IF(F68=0,0,G68/F68) | K68: =IF(F68=0,0,H68/F68) | L68: =IF(F68=0,0,I68/F68) | M68: Tierras del Estado y/o posesionarios | O68: 0 | P68: 1:20,000 | Q68: SP-060_Bloque_M1B1.png | R68: 1 | S68: RIO SECO (434 m) | T68: Matriz CCPP-INEI v5 | U68: 255
A69: SP-061 | B69: M6B2-1 | C69: Morropón | D69: Buenos Aires | E69: AP-2 | F69: 514.359 | G69: 0 | H69: 0 | I69: =MAX(0,F69-G69-H69) | J69: =IF(F69=0,0,G69/F69) | K69: =IF(F69=0,0,H69/F69) | L69: =IF(F69=0,0,I69/F69) | M69: Tierras del Estado y/o posesionarios | O69: 0 | P69: 1:30,000 | Q69: SP-061_Bloque_M6B2-1.png | R69: 0 | S69: Ref.: BUENOS AIRES (2796 m) | T69: Sin CCPP en la matriz
A70: SP-062 | B70: M6B2-2 | C70: Morropón | D70: Buenos Aires | E70: AP-2 | F70: 333.011 | G70: 0 | H70: 0 | I70: =MAX(0,F70-G70-H70) | J70: =IF(F70=0,0,G70/F70) | K70: =IF(F70=0,0,H70/F70) | L70: =IF(F70=0,0,I70/F70) | M70: Tierras del Estado y/o posesionarios | O70: 0 | P70: 1:20,000 | Q70: SP-062_Bloque_M6B2-2.png | R70: 1 | S70: BUENOS AIRES (2340 m) | T70: Matriz CCPP-INEI v5
A71: SP-063 | B71: M6B2-3 | C71: Morropón | D71: Buenos Aires | E71: AP-2 | F71: 160.978 | G71: 0 | H71: 0 | I71: =MAX(0,F71-G71-H71) | J71: =IF(F71=0,0,G71/F71) | K71: =IF(F71=0,0,H71/F71) | L71: =IF(F71=0,0,I71/F71) | M71: Tierras del Estado y/o posesionarios | O71: 0 | P71: 1:15,000 | Q71: SP-063_Bloque_M6B2-3.png | R71: 2 | S71: PEDREGAL (909 m); PUEBLO NUEVO (1019 m) | T71: Matriz CCPP-INEI v5
A72: SP-064 | B72: M6B10 | C72: Morropón | D72: Buenos Aires | E72: AP-2 | F72: 249.89 | G72: 0 | H72: 0 | I72: =MAX(0,F72-G72-H72) | J72: =IF(F72=0,0,G72/F72) | K72: =IF(F72=0,0,H72/F72) | L72: =IF(F72=0,0,I72/F72) | M72: Tierras del Estado y/o posesionarios | O72: 0 | P72: 1:15,000 | Q72: SP-064_Bloque_M6B10.png | R72: 3 | S72: LA MARAVILLA (254 m); LA PILCA (324 m); INGENIO DE BUENOS AIRES (502 m) | T72: Matriz CCPP-INEI v5 | U72: 218
A73: SP-065 | B73: M18B1 | C73: Morropón | D73: Buenos Aires | E73: AP-2 | F73: 160.36 | G73: 0 | H73: 0 | I73: =MAX(0,F73-G73-H73) | J73: =IF(F73=0,0,G73/F73) | K73: =IF(F73=0,0,H73/F73) | L73: =IF(F73=0,0,I73/F73) | M73: Tierras del Estado y/o posesionarios | O73: 0 | P73: 1:12,500 | Q73: SP-065_Bloque_M18B1.png | R73: 1 | S73: HUALAS (506 m) | T73: Matriz CCPP-INEI v5 | U73: 63
A74: SP-066 | B74: 57 | C74: Morropón | D74: Chalaco | E74: AP-4 | F74: 25.668 | G74: 25.668 | H74: 0 | I74: =MAX(0,F74-G74-H74) | J74: =IF(F74=0,0,G74/F74) | K74: =IF(F74=0,0,H74/F74) | L74: =IF(F74=0,0,I74/F74) | M74: Comunal | N74: COMUNIDAD CAMPESINA CHALACO TRIGOPAMPA | O74: 0 | P74: 1:10,000 | Q74: SP-066_Bloque_57.png | R74: 2 | S74: TASPA (1158 m); SAN LORENZO (1168 m) | T74: Matriz CCPP-INEI v5 | U74: 376
A75: SP-067 | B75: 59 | C75: Morropón | D75: Chalaco | E75: AP-4 | F75: 13.554 | G75: 13.554 | H75: 0 | I75: =MAX(0,F75-G75-H75) | J75: =IF(F75=0,0,G75/F75) | K75: =IF(F75=0,0,H75/F75) | L75: =IF(F75=0,0,I75/F75) | M75: Comunal | N75: COMUNIDAD CAMPESINA CHALACO TRIGOPAMPA | O75: 0 | P75: 1:6,000 | Q75: SP-067_Bloque_59.png | R75: 1 | S75: GUABO (715 m) | T75: Matriz CCPP-INEI v5 | U75: 6
A76: SP-068 | B76: 2 | C76: Morropón | D76: Chulucanas | E76: AP-1 | F76: 330.599 | G76: 0 | H76: 0 | I76: =MAX(0,F76-G76-H76) | J76: =IF(F76=0,0,G76/F76) | K76: =IF(F76=0,0,H76/F76) | L76: =IF(F76=0,0,I76/F76) | M76: Tierras del Estado y/o posesionarios | O76: 0 | P76: 1:15,000 | Q76: SP-068_Bloque_2.png | R76: 1 | S76: BALCONES DE TALANDRACAS (897 m) | T76: Matriz CCPP-INEI v5 | U76: 691
A77: SP-069 | B77: 22 | C77: Morropón | D77: Chulucanas | E77: AP-1 | F77: 79.33 | G77: 0 | H77: 0 | I77: =MAX(0,F77-G77-H77) | J77: =IF(F77=0,0,G77/F77) | K77: =IF(F77=0,0,H77/F77) | L77: =IF(F77=0,0,I77/F77) | M77: Tierras del Estado y/o posesionarios | O77: 0 | P77: 1:10,000 | Q77: SP-069_Bloque_22.png | R77: 1 | S77: PLATANAL BAJO (274 m) | T77: Matriz CCPP-INEI v5 | U77: 197
A78: SP-070 | B78: M9B1 | C78: Morropón | D78: Chulucanas | E78: AP-1 | F78: 355.364 | G78: 355.364 | H78: 0 | I78: =MAX(0,F78-G78-H78) | J78: =IF(F78=0,0,G78/F78) | K78: =IF(F78=0,0,H78/F78) | L78: =IF(F78=0,0,I78/F78) | M78: Comunal | N78: MARIA ANGELA ALVARADO ZETA | O78: 0 | P78: 1:15,000 | Q78: SP-070_Bloque_M9B1.png | R78: 1 | S78: LA PEÑA (966 m) | T78: Matriz CCPP-INEI v5 | U78: 83
A79: SP-071 | B79: M10B4 | C79: Morropón | D79: Chulucanas | E79: AP-1 | F79: 68.887 | G79: 0 | H79: 0 | I79: =MAX(0,F79-G79-H79) | J79: =IF(F79=0,0,G79/F79) | K79: =IF(F79=0,0,H79/F79) | L79: =IF(F79=0,0,I79/F79) | M79: Tierras del Estado y/o posesionarios | O79: 0 | P79: 1:10,000 | Q79: SP-071_Bloque_M10B4.png | R79: 1 | S79: RIO SECO ALTO (406 m) | T79: Matriz CCPP-INEI v5 | U79: 233
A80: SP-072 | B80: M17B1 | C80: Morropón | D80: Chulucanas | E80: AP-1 | F80: 42.449 | G80: 0 | H80: 0 | I80: =MAX(0,F80-G80-H80) | J80: =IF(F80=0,0,G80/F80) | K80: =IF(F80=0,0,H80/F80) | L80: =IF(F80=0,0,I80/F80) | M80: Tierras del Estado y/o posesionarios | O80: 0 | P80: 1:7,500 | Q80: SP-072_Bloque_M17B1.png | R80: 1 | S80: PAPELILLO (171 m) | T80: Matriz CCPP-INEI v5 | U80: 367
A81: SP-073 | B81: M17B4 | C81: Morropón | D81: Chulucanas | E81: AP-1 | F81: 124.709 | G81: 69.076 | H81: 0 | I81: =MAX(0,F81-G81-H81) | J81: =IF(F81=0,0,G81/F81) | K81: =IF(F81=0,0,H81/F81) | L81: =IF(F81=0,0,I81/F81) | M81: Parcialmente comunal | N81: ANGELA MARIA ZETA | O81: 0 | P81: 1:12,500 | Q81: SP-073_Bloque_M17B4.png | R81: 1 | S81: CHILILIQUE ALTO (259 m) | T81: Matriz CCPP-INEI v5 | U81: 360
A82: SP-074 | B82: M27B1 | C82: Morropón | D82: Chulucanas | E82: AP-1 | F82: 448.804 | G82: 0 | H82: 0 | I82: =MAX(0,F82-G82-H82) | J82: =IF(F82=0,0,G82/F82) | K82: =IF(F82=0,0,H82/F82) | L82: =IF(F82=0,0,I82/F82) | M82: Tierras del Estado y/o posesionarios | O82: 0 | P82: 1:20,000 | Q82: SP-074_Bloque_M27B1.png | R82: 5 | S82: VICUS LINDEROS (135 m); VICUS LA MERCED (154 m); HUASIMAL (320 m); VICUS SANTA ROSA (776 m); HUASIMAL (1067 m) | T82: Matriz CCPP-INEI v5 | U82: 679
A83: SP-075 | B83: M19B2 | C83: Morropón | D83: Morropón | E83: AP-2 | F83: 74.372 | G83: 0 | H83: 0 | I83: =MAX(0,F83-G83-H83) | J83: =IF(F83=0,0,G83/F83) | K83: =IF(F83=0,0,H83/F83) | L83: =IF(F83=0,0,I83/F83) | M83: Tierras del Estado y/o posesionarios | O83: 0 | P83: 1:7,500 | Q83: SP-075_Bloque_M19B2.png | R83: 1 | S83: BOCA NEGRA (239 m) | T83: Matriz CCPP-INEI v5 | U83: 186
A84: SP-076 | B84: M32B3 | C84: Morropón | D84: Morropón | E84: AP-2 | F84: 50.972 | G84: 0 | H84: 0 | I84: =MAX(0,F84-G84-H84) | J84: =IF(F84=0,0,G84/F84) | K84: =IF(F84=0,0,H84/F84) | L84: =IF(F84=0,0,I84/F84) | M84: Tierras del Estado y/o posesionarios | O84: 0 | P84: 1:5,000 | Q84: SP-076_Bloque_M32B3.png | R84: 1 | S84: MARAY (144 m) | T84: Matriz CCPP-INEI v5 | U84: 329
A85: SP-077 | B85: M2B1 | C85: Morropón | D85: Salitral | E85: AP-2 | F85: 81.795 | G85: 0 | H85: 0 | I85: =MAX(0,F85-G85-H85) | J85: =IF(F85=0,0,G85/F85) | K85: =IF(F85=0,0,H85/F85) | L85: =IF(F85=0,0,I85/F85) | M85: Tierras del Estado y/o posesionarios | O85: 0 | P85: 1:12,500 | Q85: SP-077_Bloque_M2B1.png | R85: 1 | S85: SANTA ROSA (301 m) | T85: Matriz CCPP-INEI v5 | U85: 148
A86: SP-078 | B86: M2B5 | C86: Morropón | D86: Salitral | E86: AP-2 | F86: 30.909 | G86: 0 | H86: 0 | I86: =MAX(0,F86-G86-H86) | J86: =IF(F86=0,0,G86/F86) | K86: =IF(F86=0,0,H86/F86) | L86: =IF(F86=0,0,I86/F86) | M86: Tierras del Estado y/o posesionarios | O86: 0 | P86: 1:7,500 | Q86: SP-078_Bloque_M2B5.png | R86: 1 | S86: HORNOPAMPA (148 m) | T86: Matriz CCPP-INEI v5 | U86: 261
A87: SP-079 | B87: M3B1 | C87: Morropón | D87: Salitral | E87: AP-2 | F87: 80.983 | G87: 80.983 | H87: 0 | I87: =MAX(0,F87-G87-H87) | J87: =IF(F87=0,0,G87/F87) | K87: =IF(F87=0,0,H87/F87) | L87: =IF(F87=0,0,I87/F87) | M87: Comunal | N87: Sin nombre (ID 2790) | O87: 0 | P87: 1:10,000 | Q87: SP-079_Bloque_M3B1.png | R87: 1 | S87: PIEDRA BLANCA (86 m) | T87: Matriz CCPP-INEI v5 | U87: 190
A88: SP-080 | B88: M3B9 | C88: Morropón | D88: Salitral | E88: AP-2 | F88: 294.204 | G88: 0 | H88: 0 | I88: =MAX(0,F88-G88-H88) | J88: =IF(F88=0,0,G88/F88) | K88: =IF(F88=0,0,H88/F88) | L88: =IF(F88=0,0,I88/F88) | M88: Tierras del Estado y/o posesionarios | O88: 0 | P88: 1:20,000 | Q88: SP-080_Bloque_M3B9.png | R88: 1 | S88: TORTOLA (594 m) | T88: Matriz CCPP-INEI v5 | U88: 198
A89: SP-081 | B89: M7B1 | C89: Morropón | D89: Salitral | E89: AP-2 | F89: 130.425 | G89: 0 | H89: 0 | I89: =MAX(0,F89-G89-H89) | J89: =IF(F89=0,0,G89/F89) | K89: =IF(F89=0,0,H89/F89) | L89: =IF(F89=0,0,I89/F89) | M89: Tierras del Estado y/o posesionarios | O89: 0 | P89: 1:25,000 | Q89: SP-081_Bloque_M7B1.png | R89: 3 | S89: NUEVO PROGRESO (79 m); VICTOR RAUL (237 m); LA ALBERCA (460 m) | T89: Matriz CCPP-INEI v5 | U89: 286
A90: SP-082 | B90: M7B2 | C90: Morropón | D90: Salitral | E90: AP-2 | F90: 115.379 | G90: 0 | H90: 0 | I90: =MAX(0,F90-G90-H90) | J90: =IF(F90=0,0,G90/F90) | K90: =IF(F90=0,0,H90/F90) | L90: =IF(F90=0,0,I90/F90) | M90: Tierras del Estado y/o posesionarios | O90: 0 | P90: 1:20,000 | Q90: SP-082_Bloque_M7B2.png | R90: 1 | S90: LA ALBERCA (241 m) | T90: Matriz CCPP-INEI v5
A91: SP-083 | B91: M7B3 | C91: Morropón | D91: Salitral | E91: AP-2 | F91: 65.745 | G91: 0 | H91: 0 | I91: =MAX(0,F91-G91-H91) | J91: =IF(F91=0,0,G91/F91) | K91: =IF(F91=0,0,H91/F91) | L91: =IF(F91=0,0,I91/F91) | M91: Tierras del Estado y/o posesionarios | O91: 0 | P91: 1:12,500 | Q91: SP-083_Bloque_M7B3.png | R91: 2 | S91: LA TRANCA (268 m); PALO BLANCO-EL CEREZO (353 m) | T91: Matriz CCPP-INEI v5 | U91: 41
A92: SP-084 | B92: M7B6 | C92: Morropón | D92: Salitral | E92: AP-2 | F92: 91.285 | G92: 0 | H92: 0 | I92: =MAX(0,F92-G92-H92) | J92: =IF(F92=0,0,G92/F92) | K92: =IF(F92=0,0,H92/F92) | L92: =IF(F92=0,0,I92/F92) | M92: Tierras del Estado y/o posesionarios | O92: 0 | P92: 1:10,000 | Q92: SP-084_Bloque_M7B6.png | R92: 3 | S92: SERRAN (260 m); SANTA ROSA (298 m); NUEVO SAN JUAN (412 m) | T92: Matriz CCPP-INEI v5 | U92: 235
A93: SP-085 | B93: M18B3 | C93: Morropón | D93: Salitral | E93: AP-2 | F93: 373.807 | G93: 0 | H93: 1.952 | I93: =MAX(0,F93-G93-H93) | J93: =IF(F93=0,0,G93/F93) | K93: =IF(F93=0,0,H93/F93) | L93: =IF(F93=0,0,I93/F93) | M93: Tierras del Estado y/o posesionarios | O93: 4 | P93: 1:25,000 | Q93: SP-085_Bloque_M18B3.png | R93: 3 | S93: SELVA ANDINA (96 m); HUARO QUISPAMPA (128 m); MANGOMANGUIA (300 m) | T93: Matriz CCPP-INEI v5 | U93: 252
A94: SP-086 | B94: 77 | C94: Morropón | D94: San Juan de Bigote | E94: AP-2 | F94: 17.821 | G94: 17.821 | H94: 0 | I94: =MAX(0,F94-G94-H94) | J94: =IF(F94=0,0,G94/F94) | K94: =IF(F94=0,0,H94/F94) | L94: =IF(F94=0,0,I94/F94) | M94: Comunal | N94: Sin nombre (ID 2790) | O94: 0 | P94: 1:5,000 | Q94: SP-086_Bloque_77.png | R94: 1 | S94: MIGUEL PAMPA (683 m) | T94: Matriz CCPP-INEI v5 | U94: 188
A95: SP-087 | B95: 83 | C95: Morropón | D95: San Juan de Bigote | E95: AP-2 | F95: 24.344 | G95: 24.344 | H95: 0 | I95: =MAX(0,F95-G95-H95) | J95: =IF(F95=0,0,G95/F95) | K95: =IF(F95=0,0,H95/F95) | L95: =IF(F95=0,0,I95/F95) | M95: Comunal | N95: Sin nombre (ID 2790) | O95: 0 | P95: 1:10,000 | Q95: SP-087_Bloque_83.png | R95: 2 | S95: MIGUELPAMPA (131 m); CAMPO NUEVO (1636 m) | T95: Más cercanos (capa CCPP)
A96: SP-088 | B96: 84 | C96: Morropón | D96: San Juan de Bigote | E96: AP-2 | F96: 5.097 | G96: 5.097 | H96: 0 | I96: =MAX(0,F96-G96-H96) | J96: =IF(F96=0,0,G96/F96) | K96: =IF(F96=0,0,H96/F96) | L96: =IF(F96=0,0,I96/F96) | M96: Comunal | N96: Sin nombre (ID 2790) | O96: 0 | P96: 1:3,000 | Q96: SP-088_Bloque_84.png | R96: 2 | S96: MIGUELPAMPA (617 m); CAMPO NUEVO (1440 m) | T96: Más cercanos (capa CCPP)
A97: SP-089 | B97: 85 | C97: Morropón | D97: San Juan de Bigote | E97: AP-2 | F97: 11.906 | G97: 11.906 | H97: 0 | I97: =MAX(0,F97-G97-H97) | J97: =IF(F97=0,0,G97/F97) | K97: =IF(F97=0,0,H97/F97) | L97: =IF(F97=0,0,I97/F97) | M97: Comunal | N97: Sin nombre (ID 2790) | O97: 0 | P97: 1:7,500 | Q97: SP-089_Bloque_85.png | R97: 2 | S97: DOTOR (85 m); NUEVA ESPERANZA (707 m) | T97: Más cercanos (capa CCPP)
A98: SP-090 | B98: 86 | C98: Morropón | D98: San Juan de Bigote | E98: AP-2 | F98: 30.001 | G98: 30.001 | H98: 0 | I98: =MAX(0,F98-G98-H98) | J98: =IF(F98=0,0,G98/F98) | K98: =IF(F98=0,0,H98/F98) | L98: =IF(F98=0,0,I98/F98) | M98: Comunal | N98: Sin nombre (ID 2790) | O98: 0 | P98: 1:10,000 | Q98: SP-090_Bloque_86.png | R98: 3 | S98: NUEVA ESPERANZA (68 m); DOTOR (545 m); CAMPO NUEVO (776 m) | T98: Más cercanos (capa CCPP)
A99: SP-091 | B99: 87 | C99: Morropón | D99: San Juan de Bigote | E99: AP-2 | F99: 62.219 | G99: 62.219 | H99: 0 | I99: =MAX(0,F99-G99-H99) | J99: =IF(F99=0,0,G99/F99) | K99: =IF(F99=0,0,H99/F99) | L99: =IF(F99=0,0,I99/F99) | M99: Comunal | N99: Sin nombre (ID 2790) | O99: 1 | P99: 1:12,500 | Q99: SP-091_Bloque_87.png | R99: 3 | S99: CARDAL (321 m); NUEVA ESPERANZA (550 m); DOTOR (584 m) | T99: Más cercanos (capa CCPP)
A100: SP-092 | B100: M3B3 | C100: Morropón | D100: San Juan de Bigote | E100: AP-2 | F100: 84.825 | G100: 84.825 | H100: 0 | I100: =MAX(0,F100-G100-H100) | J100: =IF(F100=0,0,G100/F100) | K100: =IF(F100=0,0,H100/F100) | L100: =IF(F100=0,0,I100/F100) | M100: Comunal | N100: Sin nombre (ID 2790) | O100: 0 | P100: 1:12,500 | Q100: SP-092_Bloque_M3B3.png | R100: 2 | S100: ALAN GARCIA (117 m); BIGOTE (355 m) | T100: Matriz CCPP-INEI v5 | U100: 146
A101: SP-093 | B101: M3B5 | C101: Morropón | D101: San Juan de Bigote | E101: AP-2 | F101: 52.743 | G101: 52.743 | H101: 0 | I101: =MAX(0,F101-G101-H101) | J101: =IF(F101=0,0,G101/F101) | K101: =IF(F101=0,0,H101/F101) | L101: =IF(F101=0,0,I101/F101) | M101: Comunal | N101: Sin nombre (ID 2790) | O101: 0 | P101: 1:7,500 | Q101: SP-093_Bloque_M3B5.png | R101: 1 | S101: SAN JUAN BAUTISTA (128 m) | T101: Matriz CCPP-INEI v5 | U101: 116
...

Sheet Resumen
A1: AUTORIDAD NACIONAL DE INFRAESTRUCTURA – ANIN
A2: DIRECCIÓN DE INTERVENCIONES MULTISECTORIALES Y DE EMERGENCIA – DIME
A3: SUBDIRECCIÓN DE ESTUDIOS DE INVERSIÓN – SESDI
A5: Situación predial de los bloques V6 (fórmulas sobre la hoja «Índice de mapas»)
A7: Situación predial | B7: Bloques | C7: Superficie (ha) | D7: % de la superficie | E7: C. C. (ha) | F7: Estado y/o posesionarios (ha)
A8: Comunal | B8: =COUNTIF('Índice de mapas'!$M$9:$M$125,A8) | C8: =SUMIF('Índice de mapas'!$M$9:$M$125,A8,'Índice de mapas'!$F$9:$F$125) | D8: =C8/C$14 | E8: =SUMIF('Índice de mapas'!$M$9:$M$125,A8,'Índice de mapas'!$G$9:$G$125) | F8: =SUMIF('Índice de mapas'!$M$9:$M$125,A8,'Índice de mapas'!$I$9:$I$125)
A9: Parcialmente comunal | B9: =COUNTIF('Índice de mapas'!$M$9:$M$125,A9) | C9: =SUMIF('Índice de mapas'!$M$9:$M$125,A9,'Índice de mapas'!$F$9:$F$125) | D9: =C9/C$14 | E9: =SUMIF('Índice de mapas'!$M$9:$M$125,A9,'Índice de mapas'!$G$9:$G$125) | F9: =SUMIF('Índice de mapas'!$M$9:$M$125,A9,'Índice de mapas'!$I$9:$I$125)
A10: Mixta | B10: =COUNTIF('Índice de mapas'!$M$9:$M$125,A10) | C10: =SUMIF('Índice de mapas'!$M$9:$M$125,A10,'Índice de mapas'!$F$9:$F$125) | D10: =C10/C$14 | E10: =SUMIF('Índice de mapas'!$M$9:$M$125,A10,'Índice de mapas'!$G$9:$G$125) | F10: =SUMIF('Índice de mapas'!$M$9:$M$125,A10,'Índice de mapas'!$I$9:$I$125)
A11: Privada | B11: =COUNTIF('Índice de mapas'!$M$9:$M$125,A11) | C11: =SUMIF('Índice de mapas'!$M$9:$M$125,A11,'Índice de mapas'!$F$9:$F$125) | D11: =C11/C$14 | E11: =SUMIF('Índice de mapas'!$M$9:$M$125,A11,'Índice de mapas'!$G$9:$G$125) | F11: =SUMIF('Índice de mapas'!$M$9:$M$125,A11,'Índice de mapas'!$I$9:$I$125)
A12: Parcialmente privada | B12: =COUNTIF('Índice de mapas'!$M$9:$M$125,A12) | C12: =SUMIF('Índice de mapas'!$M$9:$M$125,A12,'Índice de mapas'!$F$9:$F$125) | D12: =C12/C$14 | E12: =SUMIF('Índice de mapas'!$M$9:$M$125,A12,'Índice de mapas'!$G$9:$G$125) | F12: =SUMIF('Índice de mapas'!$M$9:$M$125,A12,'Índice de mapas'!$I$9:$I$125)
A13: Tierras del Estado y/o posesionarios | B13: =COUNTIF('Índice de mapas'!$M$9:$M$125,A13) | C13: =SUMIF('Índice de mapas'!$M$9:$M$125,A13,'Índice de mapas'!$F$9:$F$125) | D13: =C13/C$14 | E13: =SUMIF('Índice de mapas'!$M$9:$M$125,A13,'Índice de mapas'!$G$9:$G$125) | F13: =SUMIF('Índice de mapas'!$M$9:$M$125,A13,'Índice de mapas'!$I$9:$I$125)
A14: Total | B14: =SUM(B8:B13) | C14: =SUM(C8:C13) | D14: =C14/C14 | E14: =SUM(E8:E13) | F14: =SUM(F8:F13)
