Workbook

Sheet Resumen_Distrito
A1: AUTORIDAD NACIONAL DE INFRAESTRUCTURA - ANIN
A2: DIRECCIÓN DE INTERVENCIONES MULTISECTORIALES Y DE EMERGENCIA - DIME
A3: SUBDIRECCIÓN DE ESTUDIOS DE INVERSIÓN - SESDI
A4: BLOQUES V6 Y ÁREA DE INFLUENCIA POR DISTRITO
A5: PROYECTO IN PIURA | CUI 2669244 | Cuenca Alta del Río Piura | UTM WGS 84 Zona 17S (EPSG:32717)
A6: Fuente: Bloques V6 (Bloques V6.kml) y área de influencia aprobada (AI_aprobado_2.shp), ANIN-DIME-SESDI 2026; sin los bloques retirados 74 y 75 ni sus AI
A8: N.° | B8: Provincia | C8: Distrito | D8: N.° bloques | E8: Área bloques (ha) | F8: Polígonos AI | G8: Área AI (ha) | H8: Bloques + AI (ha) | I8: AI / bloques | J8: % del área de bloques | K8: % del área AI
A9: 1 | B9: Ayabaca | C9: Frías | D9: =COUNTIFS(Bloques_AI!$D$9:$D$125,B9,Bloques_AI!$E$9:$E$125,C9) | E9: =SUMIFS(Bloques_AI!$F$9:$F$125,Bloques_AI!$D$9:$D$125,B9,Bloques_AI!$E$9:$E$125,C9) | F9: =COUNTIFS(AI_Poligonos!$E$9:$E$138,B9,AI_Poligonos!$F$9:$F$138,C9) | G9: =SUMIFS(AI_Poligonos!$G$9:$G$138,AI_Poligonos!$E$9:$E$138,B9,AI_Poligonos!$F$9:$F$138,C9) | H9: =E9+G9 | I9: =IF(E9=0,0,G9/E9) | J9: =E9/E$24 | K9: =G9/G$24
A10: 2 | B10: Huancabamba | C10: Canchaque | D10: =COUNTIFS(Bloques_AI!$D$9:$D$125,B10,Bloques_AI!$E$9:$E$125,C10) | E10: =SUMIFS(Bloques_AI!$F$9:$F$125,Bloques_AI!$D$9:$D$125,B10,Bloques_AI!$E$9:$E$125,C10) | F10: =COUNTIFS(AI_Poligonos!$E$9:$E$138,B10,AI_Poligonos!$F$9:$F$138,C10) | G10: =SUMIFS(AI_Poligonos!$G$9:$G$138,AI_Poligonos!$E$9:$E$138,B10,AI_Poligonos!$F$9:$F$138,C10) | H10: =E10+G10 | I10: =IF(E10=0,0,G10/E10) | J10: =E10/E$24 | K10: =G10/G$24
A11: 3 | B11: Huancabamba | C11: Huancabamba | D11: =COUNTIFS(Bloques_AI!$D$9:$D$125,B11,Bloques_AI!$E$9:$E$125,C11) | E11: =SUMIFS(Bloques_AI!$F$9:$F$125,Bloques_AI!$D$9:$D$125,B11,Bloques_AI!$E$9:$E$125,C11) | F11: =COUNTIFS(AI_Poligonos!$E$9:$E$138,B11,AI_Poligonos!$F$9:$F$138,C11) | G11: =SUMIFS(AI_Poligonos!$G$9:$G$138,AI_Poligonos!$E$9:$E$138,B11,AI_Poligonos!$F$9:$F$138,C11) | H11: =E11+G11 | I11: =IF(E11=0,0,G11/E11) | J11: =E11/E$24 | K11: =G11/G$24
A12: 4 | B12: Huancabamba | C12: Huarmaca | D12: =COUNTIFS(Bloques_AI!$D$9:$D$125,B12,Bloques_AI!$E$9:$E$125,C12) | E12: =SUMIFS(Bloques_AI!$F$9:$F$125,Bloques_AI!$D$9:$D$125,B12,Bloques_AI!$E$9:$E$125,C12) | F12: =COUNTIFS(AI_Poligonos!$E$9:$E$138,B12,AI_Poligonos!$F$9:$F$138,C12) | G12: =SUMIFS(AI_Poligonos!$G$9:$G$138,AI_Poligonos!$E$9:$E$138,B12,AI_Poligonos!$F$9:$F$138,C12) | H12: =E12+G12 | I12: =IF(E12=0,0,G12/E12) | J12: =E12/E$24 | K12: =G12/G$24
A13: 5 | B13: Huancabamba | C13: Lalaquiz | D13: =COUNTIFS(Bloques_AI!$D$9:$D$125,B13,Bloques_AI!$E$9:$E$125,C13) | E13: =SUMIFS(Bloques_AI!$F$9:$F$125,Bloques_AI!$D$9:$D$125,B13,Bloques_AI!$E$9:$E$125,C13) | F13: =COUNTIFS(AI_Poligonos!$E$9:$E$138,B13,AI_Poligonos!$F$9:$F$138,C13) | G13: =SUMIFS(AI_Poligonos!$G$9:$G$138,AI_Poligonos!$E$9:$E$138,B13,AI_Poligonos!$F$9:$F$138,C13) | H13: =E13+G13 | I13: =IF(E13=0,0,G13/E13) | J13: =E13/E$24 | K13: =G13/G$24
A14: 6 | B14: Huancabamba | C14: San Miguel de El Faique | D14: =COUNTIFS(Bloques_AI!$D$9:$D$125,B14,Bloques_AI!$E$9:$E$125,C14) | E14: =SUMIFS(Bloques_AI!$F$9:$F$125,Bloques_AI!$D$9:$D$125,B14,Bloques_AI!$E$9:$E$125,C14) | F14: =COUNTIFS(AI_Poligonos!$E$9:$E$138,B14,AI_Poligonos!$F$9:$F$138,C14) | G14: =SUMIFS(AI_Poligonos!$G$9:$G$138,AI_Poligonos!$E$9:$E$138,B14,AI_Poligonos!$F$9:$F$138,C14) | H14: =E14+G14 | I14: =IF(E14=0,0,G14/E14) | J14: =E14/E$24 | K14: =G14/G$24
A15: 7 | B15: Morropón | C15: Buenos Aires | D15: =COUNTIFS(Bloques_AI!$D$9:$D$125,B15,Bloques_AI!$E$9:$E$125,C15) | E15: =SUMIFS(Bloques_AI!$F$9:$F$125,Bloques_AI!$D$9:$D$125,B15,Bloques_AI!$E$9:$E$125,C15) | F15: =COUNTIFS(AI_Poligonos!$E$9:$E$138,B15,AI_Poligonos!$F$9:$F$138,C15) | G15: =SUMIFS(AI_Poligonos!$G$9:$G$138,AI_Poligonos!$E$9:$E$138,B15,AI_Poligonos!$F$9:$F$138,C15) | H15: =E15+G15 | I15: =IF(E15=0,0,G15/E15) | J15: =E15/E$24 | K15: =G15/G$24
A16: 8 | B16: Morropón | C16: Chalaco | D16: =COUNTIFS(Bloques_AI!$D$9:$D$125,B16,Bloques_AI!$E$9:$E$125,C16) | E16: =SUMIFS(Bloques_AI!$F$9:$F$125,Bloques_AI!$D$9:$D$125,B16,Bloques_AI!$E$9:$E$125,C16) | F16: =COUNTIFS(AI_Poligonos!$E$9:$E$138,B16,AI_Poligonos!$F$9:$F$138,C16) | G16: =SUMIFS(AI_Poligonos!$G$9:$G$138,AI_Poligonos!$E$9:$E$138,B16,AI_Poligonos!$F$9:$F$138,C16) | H16: =E16+G16 | I16: =IF(E16=0,0,G16/E16) | J16: =E16/E$24 | K16: =G16/G$24
A17: 9 | B17: Morropón | C17: Chulucanas | D17: =COUNTIFS(Bloques_AI!$D$9:$D$125,B17,Bloques_AI!$E$9:$E$125,C17) | E17: =SUMIFS(Bloques_AI!$F$9:$F$125,Bloques_AI!$D$9:$D$125,B17,Bloques_AI!$E$9:$E$125,C17) | F17: =COUNTIFS(AI_Poligonos!$E$9:$E$138,B17,AI_Poligonos!$F$9:$F$138,C17) | G17: =SUMIFS(AI_Poligonos!$G$9:$G$138,AI_Poligonos!$E$9:$E$138,B17,AI_Poligonos!$F$9:$F$138,C17) | H17: =E17+G17 | I17: =IF(E17=0,0,G17/E17) | J17: =E17/E$24 | K17: =G17/G$24
A18: 10 | B18: Morropón | C18: Morropón | D18: =COUNTIFS(Bloques_AI!$D$9:$D$125,B18,Bloques_AI!$E$9:$E$125,C18) | E18: =SUMIFS(Bloques_AI!$F$9:$F$125,Bloques_AI!$D$9:$D$125,B18,Bloques_AI!$E$9:$E$125,C18) | F18: =COUNTIFS(AI_Poligonos!$E$9:$E$138,B18,AI_Poligonos!$F$9:$F$138,C18) | G18: =SUMIFS(AI_Poligonos!$G$9:$G$138,AI_Poligonos!$E$9:$E$138,B18,AI_Poligonos!$F$9:$F$138,C18) | H18: =E18+G18 | I18: =IF(E18=0,0,G18/E18) | J18: =E18/E$24 | K18: =G18/G$24
A19: 11 | B19: Morropón | C19: Salitral | D19: =COUNTIFS(Bloques_AI!$D$9:$D$125,B19,Bloques_AI!$E$9:$E$125,C19) | E19: =SUMIFS(Bloques_AI!$F$9:$F$125,Bloques_AI!$D$9:$D$125,B19,Bloques_AI!$E$9:$E$125,C19) | F19: =COUNTIFS(AI_Poligonos!$E$9:$E$138,B19,AI_Poligonos!$F$9:$F$138,C19) | G19: =SUMIFS(AI_Poligonos!$G$9:$G$138,AI_Poligonos!$E$9:$E$138,B19,AI_Poligonos!$F$9:$F$138,C19) | H19: =E19+G19 | I19: =IF(E19=0,0,G19/E19) | J19: =E19/E$24 | K19: =G19/G$24
A20: 12 | B20: Morropón | C20: San Juan de Bigote | D20: =COUNTIFS(Bloques_AI!$D$9:$D$125,B20,Bloques_AI!$E$9:$E$125,C20) | E20: =SUMIFS(Bloques_AI!$F$9:$F$125,Bloques_AI!$D$9:$D$125,B20,Bloques_AI!$E$9:$E$125,C20) | F20: =COUNTIFS(AI_Poligonos!$E$9:$E$138,B20,AI_Poligonos!$F$9:$F$138,C20) | G20: =SUMIFS(AI_Poligonos!$G$9:$G$138,AI_Poligonos!$E$9:$E$138,B20,AI_Poligonos!$F$9:$F$138,C20) | H20: =E20+G20 | I20: =IF(E20=0,0,G20/E20) | J20: =E20/E$24 | K20: =G20/G$24
... A23: 15 | B23: Morropón | C23: Yamango | D23: =COUNTIFS(Bloques_AI!$D$9:$D$125,B23,Bloques_AI!$E$9:$E$125,C23) | E23: =SUMIFS(Bloques_AI!$F$9:$F$125,Bloques_AI!$D$9:$D$125,B23,Bloques_AI!$E$9:$E$125,C23) | F23: =COUNTIFS(AI_Poligonos!$E$9:$E$138,B23,AI_Poligonos!$F$9:$F$138,C23) | G23: =SUMIFS(AI_Poligonos!$G$9:$G$138,AI_Poligonos!$E$9:$E$138,B23,AI_Poligonos!$F$9:$F$138,C23) | H23: =E23+G23 | I23: =IF(E23=0,0,G23/E23) | J23: =E23/E$24 | K23: =G23/G$24
A24: TOTAL | B24: 15 distritos | D24: =SUM(D9:D23) | E24: =SUM(E9:E23) | F24: =SUM(F9:F23) | G24: =SUM(G9:G23) | H24: =SUM(H9:H23) | I24: =IF(E24=0,0,G24/E24) | J24: =SUM(J9:J23) | K24: =SUM(K9:K23)
B26: Control
B27: Total bloques = 117 | D27: =IF(D24=117,"OK","REVISAR")
B28: Área bloques = Bloques_AI | D28: =IF(ABS(E24-SUM(Bloques_AI!$F$9:$F$125))<0.001,"OK","REVISAR")
B29: Área AI = AI_Poligonos | D29: =IF(ABS(G24-SUM(AI_Poligonos!$G$9:$G$138))<0.001,"OK","REVISAR")
B31: AI / bloques: hectáreas de área de influencia por hectárea de bloque. El AI se asigna al distrito de su bloque.

Sheet Resumen_Provincia
A1: AUTORIDAD NACIONAL DE INFRAESTRUCTURA - ANIN
A2: DIRECCIÓN DE INTERVENCIONES MULTISECTORIALES Y DE EMERGENCIA - DIME
A3: SUBDIRECCIÓN DE ESTUDIOS DE INVERSIÓN - SESDI
A4: BLOQUES V6 Y ÁREA DE INFLUENCIA POR PROVINCIA
A5: PROYECTO IN PIURA | CUI 2669244 | Cuenca Alta del Río Piura | UTM WGS 84 Zona 17S (EPSG:32717)
A6: Fuente: Bloques V6 (Bloques V6.kml) y área de influencia aprobada (AI_aprobado_2.shp), ANIN-DIME-SESDI 2026; sin los bloques retirados 74 y 75 ni sus AI
A8: N.° | B8: Provincia | C8: N.° bloques | D8: Área bloques (ha) | E8: Polígonos AI | F8: Área AI (ha) | G8: Bloques + AI (ha) | H8: AI / bloques | I8: % del área de bloques | J8: % del área AI
A9: 1 | B9: Ayabaca | C9: =COUNTIFS(Bloques_AI!$D$9:$D$125,B9) | D9: =SUMIFS(Bloques_AI!$F$9:$F$125,Bloques_AI!$D$9:$D$125,B9) | E9: =COUNTIFS(AI_Poligonos!$E$9:$E$138,B9) | F9: =SUMIFS(AI_Poligonos!$G$9:$G$138,AI_Poligonos!$E$9:$E$138,B9) | G9: =D9+F9 | H9: =IF(D9=0,0,F9/D9) | I9: =D9/D$12 | J9: =F9/F$12
A10: 2 | B10: Huancabamba | C10: =COUNTIFS(Bloques_AI!$D$9:$D$125,B10) | D10: =SUMIFS(Bloques_AI!$F$9:$F$125,Bloques_AI!$D$9:$D$125,B10) | E10: =COUNTIFS(AI_Poligonos!$E$9:$E$138,B10) | F10: =SUMIFS(AI_Poligonos!$G$9:$G$138,AI_Poligonos!$E$9:$E$138,B10) | G10: =D10+F10 | H10: =IF(D10=0,0,F10/D10) | I10: =D10/D$12 | J10: =F10/F$12
A11: 3 | B11: Morropón | C11: =COUNTIFS(Bloques_AI!$D$9:$D$125,B11) | D11: =SUMIFS(Bloques_AI!$F$9:$F$125,Bloques_AI!$D$9:$D$125,B11) | E11: =COUNTIFS(AI_Poligonos!$E$9:$E$138,B11) | F11: =SUMIFS(AI_Poligonos!$G$9:$G$138,AI_Poligonos!$E$9:$E$138,B11) | G11: =D11+F11 | H11: =IF(D11=0,0,F11/D11) | I11: =D11/D$12 | J11: =F11/F$12
A12: TOTAL | B12: 3 provincias | C12: =SUM(C9:C11) | D12: =SUM(D9:D11) | E12: =SUM(E9:E11) | F12: =SUM(F9:F11) | G12: =SUM(G9:G11) | H12: =IF(D12=0,0,F12/D12) | I12: =SUM(I9:I11) | J12: =SUM(J9:J11)
B14: Control
B15: Total bloques = 117 | C15: =IF(C12=117,"OK","REVISAR")
B16: Área bloques = Bloques_AI | C16: =IF(ABS(D12-SUM(Bloques_AI!$F$9:$F$125))<0.001,"OK","REVISAR")
B17: Área AI = AI_Poligonos | C17: =IF(ABS(F12-SUM(AI_Poligonos!$G$9:$G$138))<0.001,"OK","REVISAR")
B19: AI / bloques: hectáreas de área de influencia por hectárea de bloque. El AI se asigna al distrito de su bloque.

Sheet Bloques_AI
A1: AUTORIDAD NACIONAL DE INFRAESTRUCTURA - ANIN
A2: DIRECCIÓN DE INTERVENCIONES MULTISECTORIALES Y DE EMERGENCIA - DIME
A3: SUBDIRECCIÓN DE ESTUDIOS DE INVERSIÓN - SESDI
A4: BLOQUES V6 Y SU ÁREA DE INFLUENCIA
A5: PROYECTO IN PIURA | CUI 2669244 | Cuenca Alta del Río Piura | UTM WGS 84 Zona 17S (EPSG:32717)
A6: Fuente: Bloques V6 (Bloques V6.kml) y área de influencia aprobada (AI_aprobado_2.shp), ANIN-DIME-SESDI 2026; sin los bloques retirados 74 y 75 ni sus AI
A8: N.° | B8: Bloque | C8: Microcuenca | D8: Provincia | E8: Distrito | F8: Área bloque (ha) | G8: Polígonos AI | H8: Área AI (ha) | I8: Bloque + AI (ha) | J8: AI / bloque | K8: ESTE (m) | L8: NORTE (m)
A9: 1 | B9: 27 | C9: C1096-Q9556 | D9: Ayabaca | E9: Frías | F9: 78.154 | G9: =COUNTIF(AI_Poligonos!$C$9:$C$138,B9) | H9: =SUMIF(AI_Poligonos!$C$9:$C$138,B9,AI_Poligonos!$G$9:$G$138) | I9: =F9+H9 | J9: =IF(F9=0,0,H9/F9) | K9: 613421.6 | L9: 9450244.7
A10: 2 | B10: 3 | C10: C1096-Q9545 | D10: Ayabaca | E10: Frías | F10: 459.295 | G10: =COUNTIF(AI_Poligonos!$C$9:$C$138,B10) | H10: =SUMIF(AI_Poligonos!$C$9:$C$138,B10,AI_Poligonos!$G$9:$G$138) | I10: =F10+H10 | J10: =IF(F10=0,0,H10/F10) | K10: 606765.1 | L10: 9458475.9
A11: 3 | B11: 36 | C11: C1096-Q9547 | D11: Ayabaca | E11: Frías | F11: 24.843 | G11: =COUNTIF(AI_Poligonos!$C$9:$C$138,B11) | H11: =SUMIF(AI_Poligonos!$C$9:$C$138,B11,AI_Poligonos!$G$9:$G$138) | I11: =F11+H11 | J11: =IF(F11=0,0,H11/F11) | K11: 606332.5 | L11: 9454727
A12: 4 | B12: 39 | C12: C1096-Q9564 | D12: Ayabaca | E12: Frías | F12: 68.569 | G12: =COUNTIF(AI_Poligonos!$C$9:$C$138,B12) | H12: =SUMIF(AI_Poligonos!$C$9:$C$138,B12,AI_Poligonos!$G$9:$G$138) | I12: =F12+H12 | J12: =IF(F12=0,0,H12/F12) | K12: 618400.5 | L12: 9448932.4
A13: 5 | B13: 56 | C13: C1096-Q9564 | D13: Ayabaca | E13: Frías | F13: 77.666 | G13: =COUNTIF(AI_Poligonos!$C$9:$C$138,B13) | H13: =SUMIF(AI_Poligonos!$C$9:$C$138,B13,AI_Poligonos!$G$9:$G$138) | I13: =F13+H13 | J13: =IF(F13=0,0,H13/F13) | K13: 621631 | L13: 9452849.3
A14: 6 | B14: 6 | C14: C1096-Q9547 | D14: Ayabaca | E14: Frías | F14: 168.411 | G14: =COUNTIF(AI_Poligonos!$C$9:$C$138,B14) | H14: =SUMIF(AI_Poligonos!$C$9:$C$138,B14,AI_Poligonos!$G$9:$G$138) | I14: =F14+H14 | J14: =IF(F14=0,0,H14/F14) | K14: 605211.2 | L14: 9455229.2
A15: 7 | B15: M17B10 | C15: C1096-Q9556 | D15: Ayabaca | E15: Frías | F15: 75.363 | G15: =COUNTIF(AI_Poligonos!$C$9:$C$138,B15) | H15: =SUMIF(AI_Poligonos!$C$9:$C$138,B15,AI_Poligonos!$G$9:$G$138) | I15: =F15+H15 | J15: =IF(F15=0,0,H15/F15) | K15: 606090.3 | L15: 9447318.8
A16: 8 | B16: M17B5 | C16: C1096-Q9556 | D16: Ayabaca | E16: Frías | F16: 74.028 | G16: =COUNTIF(AI_Poligonos!$C$9:$C$138,B16) | H16: =SUMIF(AI_Poligonos!$C$9:$C$138,B16,AI_Poligonos!$G$9:$G$138) | I16: =F16+H16 | J16: =IF(F16=0,0,H16/F16) | K16: 608933 | L16: 9445588.3
A17: 9 | B17: M17B6 | C17: C1096-Q9556 | D17: Ayabaca | E17: Frías | F17: 106.538 | G17: =COUNTIF(AI_Poligonos!$C$9:$C$138,B17) | H17: =SUMIF(AI_Poligonos!$C$9:$C$138,B17,AI_Poligonos!$G$9:$G$138) | I17: =F17+H17 | J17: =IF(F17=0,0,H17/F17) | K17: 607245.2 | L17: 9446176.6
A18: 10 | B18: M17B7 | C18: C1096-Q9556 | D18: Ayabaca | E18: Frías | F18: 258.837 | G18: =COUNTIF(AI_Poligonos!$C$9:$C$138,B18) | H18: =SUMIF(AI_Poligonos!$C$9:$C$138,B18,AI_Poligonos!$G$9:$G$138) | I18: =F18+H18 | J18: =IF(F18=0,0,H18/F18) | K18: 608879.8 | L18: 9448019.2
A19: 11 | B19: 21 | C19: C1081-Q9591 | D19: Huancabamba | E19: Canchaque | F19: 84.227 | G19: =COUNTIF(AI_Poligonos!$C$9:$C$138,B19) | H19: =SUMIF(AI_Poligonos!$C$9:$C$138,B19,AI_Poligonos!$G$9:$G$138) | I19: =F19+H19 | J19: =IF(F19=0,0,H19/F19) | K19: 654592.1 | L19: 9417738.6
A20: 12 | B20: 24 | C20: C1081-Q9583 | D20: Huancabamba | E20: Canchaque | F20: 90.159 | G20: =COUNTIF(AI_Poligonos!$C$9:$C$138,B20) | H20: =SUMIF(AI_Poligonos!$C$9:$C$138,B20,AI_Poligonos!$G$9:$G$138) | I20: =F20+H20 | J20: =IF(F20=0,0,H20/F20) | K20: 652157.3 | L20: 9414359.2
... A125: 117 | B125: M28B4 | C125: C1086-Q9575 | D125: Morropón | E125: Yamango | F125: 283.428 | G125: =COUNTIF(AI_Poligonos!$C$9:$C$138,B125) | H125: =SUMIF(AI_Poligonos!$C$9:$C$138,B125,AI_Poligonos!$G$9:$G$138) | I125: =F125+H125 | J125: =IF(F125=0,0,H125/F125) | K125: 626285.8 | L125: 9427072.5
A126: TOTAL | F126: =SUM(F9:F125) | G126: =SUM(G9:G125) | H126: =SUM(H9:H125) | I126: =SUM(I9:I125) | J126: =IF(F126=0,0,H126/F126)
A128: ESTE / NORTE: punto interior del polígono del bloque, UTM WGS84 Zona 17S (EPSG:32717). AI / bloque: hectáreas de AI por hectárea de bloque.

Sheet AI_Poligonos
A1: AUTORIDAD NACIONAL DE INFRAESTRUCTURA - ANIN
A2: DIRECCIÓN DE INTERVENCIONES MULTISECTORIALES Y DE EMERGENCIA - DIME
A3: SUBDIRECCIÓN DE ESTUDIOS DE INVERSIÓN - SESDI
A4: ÁREA DE INFLUENCIA APROBADA — POLÍGONOS (AI_aprobado_2)
A5: PROYECTO IN PIURA | CUI 2669244 | Cuenca Alta del Río Piura | UTM WGS 84 Zona 17S (EPSG:32717)
A6: Fuente: Bloques V6 (Bloques V6.kml) y área de influencia aprobada (AI_aprobado_2.shp), ANIN-DIME-SESDI 2026; sin los bloques retirados 74 y 75 ni sus AI
A8: N.° | B8: Código AI | C8: Bloque | D8: Microcuenca | E8: Provincia | F8: Distrito | G8: Área AI (ha) | H8: Área geométrica (ha) | I8: Diferencia (ha)
A9: 1 | B9: AI_27 | C9: 27 | D9: C1096-Q9556 | E9: Ayabaca | F9: Frías | G9: 81.506 | H9: 81.467 | I9: =H9-G9
A10: 2 | B10: AI_3 | C10: 3 | D10: C1096-Q9545 | E10: Ayabaca | F10: Frías | G10: 92.193 | H10: 92.146 | I10: =H10-G10
A11: 3 | B11: AI_36 | C11: 36 | D11: C1096-Q9547 | E11: Ayabaca | F11: Frías | G11: 32.298 | H11: 32.281 | I11: =H11-G11
A12: 4 | B12: AI_39 | C12: 39 | D12: C1096-Q9564 | E12: Ayabaca | F12: Frías | G12: 91.192 | H12: 91.151 | I12: =H12-G12
A13: 5 | B13: AI_56 | C13: 56 | D13: C1096-Q9564 | E13: Ayabaca | F13: Frías | G13: 22.2 | H13: 22.191 | I13: =H13-G13
A14: 6 | B14: AI_6 | C14: 6 | D14: C1096-Q9547 | E14: Ayabaca | F14: Frías | G14: 157.218 | H14: 157.136 | I14: =H14-G14
A15: 7 | B15: AI_6 | C15: 6 | D15: C1096-Q9547 | E15: Ayabaca | F15: Frías | G15: 7.929 | H15: 7.925 | I15: =H15-G15
A16: 8 | B16: AI_M17B10 | C16: M17B10 | D16: C1096-Q9556 | E16: Ayabaca | F16: Frías | G16: 41.649 | H16: 41.627 | I16: =H16-G16
A17: 9 | B17: AI_M17B5 | C17: M17B5 | D17: C1096-Q9556 | E17: Ayabaca | F17: Frías | G17: 23.733 | H17: 23.721 | I17: =H17-G17
A18: 10 | B18: AI_M17B6 | C18: M17B6 | D18: C1096-Q9556 | E18: Ayabaca | F18: Frías | G18: 64.622 | H18: 64.588 | I18: =H18-G18
A19: 11 | B19: AI_M17B7 | C19: M17B7 | D19: C1096-Q9556 | E19: Ayabaca | F19: Frías | G19: 206.565 | H19: 206.459 | I19: =H19-G19
A20: 12 | B20: AI_21 | C20: 21 | D20: C1081-Q9591 | E20: Huancabamba | F20: Canchaque | G20: 34.349 | H20: 34.342 | I20: =H20-G20
... A138: 130 | B138: AI_M28B4 | C138: M28B4 | D138: C1086-Q9575 | E138: Morropón | F138: Yamango | G138: 116.586 | H138: 116.538 | I138: =H138-G138
A139: TOTAL | G139: =SUM(G9:G138) | H139: =SUM(H9:H138) | I139: =SUM(I9:I138)

Sheet Notas
A1: AUTORIDAD NACIONAL DE INFRAESTRUCTURA - ANIN
A2: DIRECCIÓN DE INTERVENCIONES MULTISECTORIALES Y DE EMERGENCIA - DIME
A3: SUBDIRECCIÓN DE ESTUDIOS DE INVERSIÓN - SESDI
A4: NOTAS, FUENTES Y CONTROLES
A5: PROYECTO IN PIURA | CUI 2669244 | Cuenca Alta del Río Piura | UTM WGS 84 Zona 17S (EPSG:32717)
A7: Bloques | B7: 117 bloques V6 vigentes, 12,270.235 ha; coinciden en código, distrito y área con el catálogo datos/unidades_liberacion_areas.csv.
A8: Área de influencia | B8: Capa AI_aprobado_2.shp (CODIGO = AI_<bloque>): 130 polígonos vigentes, 17,139.655 ha. Los 117 bloques tienen AI; algunos tienen más de un polígono (p. ej. M28B2 con 4).
A9: Exclusiones | B9: Se excluyen los bloques retirados en V6, 74 y 75, y sus áreas de influencia AI_74 (30.073 ha) y AI_75 (125.819 ha). Por eso el AI vigente no es 17,295.547 ha (total del shapefile), sino 17,139.655 ha.
A10: Áreas | B10: Se usa el campo AREA_HA de la capa. El área recalculada de las geometrías suma 17,132.532 ha (-7.123 ha); la diferencia por polígono está en AI_Poligonos. Conviene recalcular AREA_HA en el SIG.
A11: Asignación territorial | B11: Cada polígono AI hereda la provincia y el distrito de su bloque. Cada AI colinda con su bloque sin superponerse.
A12: Coordenadas | B12: UTM WGS84 Zona 17S (EPSG:32717). ESTE/NORTE de cada bloque = punto interior del polígono, validado en los rangos del proyecto (ESTE 450,000–750,000; NORTE 9,300,000–9,600,000).
A13: Mapas | B13: Láminas A3 en mapas/salidas/IN_Piura_Mapa_Area_Influencia_Bloques_V6.pdf.
A14: Generado con | B14: mapas/excel_bloques_ai_distrito.py (los totales son fórmulas sobre las hojas de detalle).
