Workbook

Sheet Resumen_Ecosistema
A1: AUTORIDAD NACIONAL DE INFRAESTRUCTURA - ANIN
A2: DIRECCIÓN DE INTERVENCIONES MULTISECTORIALES Y DE EMERGENCIA - DIME
A3: SUBDIRECCIÓN DE ESTUDIOS DE INVERSIÓN - SESDI
A4: SUPERFICIE DE ECOSISTEMAS EN LOS 117 BLOQUES V6
A5: PROYECTO IN PIURA | CUI 2669244 | Cuenca Alta del Río Piura | UTM WGS 84 Zona 17S (EPSG:32717)
A6: Fuente: Ecosistemas: Mapa Nacional de Ecosistemas del Perú, MINAM 2018 (R.M. N.° 440-2018-MINAM): recorte a microcuencas, completado en M27B1 y M9B1 con el recorte a esos bloques. Bloques V6, ANIN-DIME-SESDI 2026 (sin 74 y 75)
A8: N.° | B8: Ecosistema | C8: Símbolo | D8: N.° de bloques | E8: Área en bloques (ha) | F8: % de los bloques | G8: Área en el ámbito (ha) | H8: % del ecosistema intervenido
A9: 1 | B9: Bosque estacionalmente seco de colina y montaña | C9: Bes-cm | D9: =COUNTIF(Bloque_Ecosistema!$F$9:$F$198,B9) | E9: =SUMIF(Bloque_Ecosistema!$F$9:$F$198,B9,Bloque_Ecosistema!$K$9:$K$198) | F9: =E9/E$15 | G9: 188280.25 | H9: =IF(N(G9)=0,"",E9/G9)
A10: 2 | B10: Zona agrícola | C10: Agri | D10: =COUNTIF(Bloque_Ecosistema!$F$9:$F$198,B10) | E10: =SUMIF(Bloque_Ecosistema!$F$9:$F$198,B10,Bloque_Ecosistema!$K$9:$K$198) | F10: =E10/E$15 | G10: 155867.89 | H10: =IF(N(G10)=0,"",E10/G10)
A11: 3 | B11: Matorral andino | C11: Ma | D11: =COUNTIF(Bloque_Ecosistema!$F$9:$F$198,B11) | E11: =SUMIF(Bloque_Ecosistema!$F$9:$F$198,B11,Bloque_Ecosistema!$K$9:$K$198) | F11: =E11/E$15 | G11: 31192.831 | H11: =IF(N(G11)=0,"",E11/G11)
A12: 4 | B12: Bosque relicto montano de vertiente occidental | C12: Br-mvoc | D12: =COUNTIF(Bloque_Ecosistema!$F$9:$F$198,B12) | E12: =SUMIF(Bloque_Ecosistema!$F$9:$F$198,B12,Bloque_Ecosistema!$K$9:$K$198) | F12: =E12/E$15 | G12: 6281.805 | H12: =IF(N(G12)=0,"",E12/G12)
A13: 5 | B13: Páramo | C13: Pa | D13: =COUNTIF(Bloque_Ecosistema!$F$9:$F$198,B13) | E13: =SUMIF(Bloque_Ecosistema!$F$9:$F$198,B13,Bloque_Ecosistema!$K$9:$K$198) | F13: =E13/E$15 | G13: 3843.332 | H13: =IF(N(G13)=0,"",E13/G13)
A14: 6 | B14: Sin información de ecosistema | D14: =COUNTIF(Bloque_Ecosistema!$F$9:$F$198,B14) | E14: =SUMIF(Bloque_Ecosistema!$F$9:$F$198,B14,Bloque_Ecosistema!$K$9:$K$198) | F14: =E14/E$15 | H14: =IF(N(G14)=0,"",E14/G14)
A15: TOTAL | E15: =SUM(E9:E14) | F15: =SUM(F9:F14) | G15: =SUM(G9:G14)
B17: =IF(ABS(E15-12270.235)<0.01,"OK: suma 12,270.235 ha","REVISAR: no suma 12,270.235 ha")

Sheet Ecosistema_Provincia
A1: AUTORIDAD NACIONAL DE INFRAESTRUCTURA - ANIN
A2: DIRECCIÓN DE INTERVENCIONES MULTISECTORIALES Y DE EMERGENCIA - DIME
A3: SUBDIRECCIÓN DE ESTUDIOS DE INVERSIÓN - SESDI
A4: ECOSISTEMAS EN LOS BLOQUES V6 POR PROVINCIA (ha)
A5: PROYECTO IN PIURA | CUI 2669244 | Cuenca Alta del Río Piura | UTM WGS 84 Zona 17S (EPSG:32717)
A6: Fuente: Ecosistemas: Mapa Nacional de Ecosistemas del Perú, MINAM 2018 (R.M. N.° 440-2018-MINAM): recorte a microcuencas, completado en M27B1 y M9B1 con el recorte a esos bloques. Bloques V6, ANIN-DIME-SESDI 2026 (sin 74 y 75)
A8: Ecosistema | B8: Ayabaca (ha) | C8: Huancabamba (ha) | D8: Morropón (ha) | E8: Total (ha)
A9: Bosque estacionalmente seco de colina y montaña | B9: =SUMIFS(Bloque_Ecosistema!$K$9:$K$198,Bloque_Ecosistema!$F$9:$F$198,$A9,Bloque_Ecosistema!$D$9:$D$198,"Ayabaca") | C9: =SUMIFS(Bloque_Ecosistema!$K$9:$K$198,Bloque_Ecosistema!$F$9:$F$198,$A9,Bloque_Ecosistema!$D$9:$D$198,"Huancabamba") | D9: =SUMIFS(Bloque_Ecosistema!$K$9:$K$198,Bloque_Ecosistema!$F$9:$F$198,$A9,Bloque_Ecosistema!$D$9:$D$198,"Morropón") | E9: =SUM(B9:D9)
A10: Zona agrícola | B10: =SUMIFS(Bloque_Ecosistema!$K$9:$K$198,Bloque_Ecosistema!$F$9:$F$198,$A10,Bloque_Ecosistema!$D$9:$D$198,"Ayabaca") | C10: =SUMIFS(Bloque_Ecosistema!$K$9:$K$198,Bloque_Ecosistema!$F$9:$F$198,$A10,Bloque_Ecosistema!$D$9:$D$198,"Huancabamba") | D10: =SUMIFS(Bloque_Ecosistema!$K$9:$K$198,Bloque_Ecosistema!$F$9:$F$198,$A10,Bloque_Ecosistema!$D$9:$D$198,"Morropón") | E10: =SUM(B10:D10)
A11: Matorral andino | B11: =SUMIFS(Bloque_Ecosistema!$K$9:$K$198,Bloque_Ecosistema!$F$9:$F$198,$A11,Bloque_Ecosistema!$D$9:$D$198,"Ayabaca") | C11: =SUMIFS(Bloque_Ecosistema!$K$9:$K$198,Bloque_Ecosistema!$F$9:$F$198,$A11,Bloque_Ecosistema!$D$9:$D$198,"Huancabamba") | D11: =SUMIFS(Bloque_Ecosistema!$K$9:$K$198,Bloque_Ecosistema!$F$9:$F$198,$A11,Bloque_Ecosistema!$D$9:$D$198,"Morropón") | E11: =SUM(B11:D11)
A12: Bosque relicto montano de vertiente occidental | B12: =SUMIFS(Bloque_Ecosistema!$K$9:$K$198,Bloque_Ecosistema!$F$9:$F$198,$A12,Bloque_Ecosistema!$D$9:$D$198,"Ayabaca") | C12: =SUMIFS(Bloque_Ecosistema!$K$9:$K$198,Bloque_Ecosistema!$F$9:$F$198,$A12,Bloque_Ecosistema!$D$9:$D$198,"Huancabamba") | D12: =SUMIFS(Bloque_Ecosistema!$K$9:$K$198,Bloque_Ecosistema!$F$9:$F$198,$A12,Bloque_Ecosistema!$D$9:$D$198,"Morropón") | E12: =SUM(B12:D12)
A13: Páramo | B13: =SUMIFS(Bloque_Ecosistema!$K$9:$K$198,Bloque_Ecosistema!$F$9:$F$198,$A13,Bloque_Ecosistema!$D$9:$D$198,"Ayabaca") | C13: =SUMIFS(Bloque_Ecosistema!$K$9:$K$198,Bloque_Ecosistema!$F$9:$F$198,$A13,Bloque_Ecosistema!$D$9:$D$198,"Huancabamba") | D13: =SUMIFS(Bloque_Ecosistema!$K$9:$K$198,Bloque_Ecosistema!$F$9:$F$198,$A13,Bloque_Ecosistema!$D$9:$D$198,"Morropón") | E13: =SUM(B13:D13)
A14: Sin información de ecosistema | B14: =SUMIFS(Bloque_Ecosistema!$K$9:$K$198,Bloque_Ecosistema!$F$9:$F$198,$A14,Bloque_Ecosistema!$D$9:$D$198,"Ayabaca") | C14: =SUMIFS(Bloque_Ecosistema!$K$9:$K$198,Bloque_Ecosistema!$F$9:$F$198,$A14,Bloque_Ecosistema!$D$9:$D$198,"Huancabamba") | D14: =SUMIFS(Bloque_Ecosistema!$K$9:$K$198,Bloque_Ecosistema!$F$9:$F$198,$A14,Bloque_Ecosistema!$D$9:$D$198,"Morropón") | E14: =SUM(B14:D14)
A15: TOTAL | B15: =SUM(B9:B14) | C15: =SUM(C9:C14) | D15: =SUM(D9:D14) | E15: =SUM(E9:E14)

Sheet Bloques
A1: AUTORIDAD NACIONAL DE INFRAESTRUCTURA - ANIN
A2: DIRECCIÓN DE INTERVENCIONES MULTISECTORIALES Y DE EMERGENCIA - DIME
A3: SUBDIRECCIÓN DE ESTUDIOS DE INVERSIÓN - SESDI
A4: ECOSISTEMA DOMINANTE POR BLOQUE V6
A5: PROYECTO IN PIURA | CUI 2669244 | Cuenca Alta del Río Piura | UTM WGS 84 Zona 17S (EPSG:32717)
A6: Fuente: Ecosistemas: Mapa Nacional de Ecosistemas del Perú, MINAM 2018 (R.M. N.° 440-2018-MINAM): recorte a microcuencas, completado en M27B1 y M9B1 con el recorte a esos bloques. Bloques V6, ANIN-DIME-SESDI 2026 (sin 74 y 75)
A8: N.° | B8: Bloque | C8: Microcuenca | D8: Provincia | E8: Distrito | F8: Área catálogo (ha) | G8: N.° de ecosistemas | H8: Ecosistema dominante | I8: % del dominante | J8: Otros ecosistemas
A9: 1 | B9: 27 | C9: C1096-Q9556 | D9: Ayabaca | E9: Frías | F9: 78.154 | G9: =COUNTIF(Bloque_Ecosistema!$B$9:$B$198,B9) | H9: Zona agrícola | I9: 1
A10: 2 | B10: 3 | C10: C1096-Q9545 | D10: Ayabaca | E10: Frías | F10: 459.295 | G10: =COUNTIF(Bloque_Ecosistema!$B$9:$B$198,B10) | H10: Zona agrícola | I10: 0.9454 | J10: Bosque estacionalmente seco de colina y montaña (5%)
A11: 3 | B11: 36 | C11: C1096-Q9547 | D11: Ayabaca | E11: Frías | F11: 24.843 | G11: =COUNTIF(Bloque_Ecosistema!$B$9:$B$198,B11) | H11: Zona agrícola | I11: 1
A12: 4 | B12: 39 | C12: C1096-Q9564 | D12: Ayabaca | E12: Frías | F12: 68.569 | G12: =COUNTIF(Bloque_Ecosistema!$B$9:$B$198,B12) | H12: Matorral andino | I12: 1
A13: 5 | B13: 56 | C13: C1096-Q9564 | D13: Ayabaca | E13: Frías | F13: 77.666 | G13: =COUNTIF(Bloque_Ecosistema!$B$9:$B$198,B13) | H13: Bosque relicto montano de vertiente occidental | I13: 0.5388 | J13: Zona agrícola (46%)
A14: 6 | B14: 6 | C14: C1096-Q9547 | D14: Ayabaca | E14: Frías | F14: 168.411 | G14: =COUNTIF(Bloque_Ecosistema!$B$9:$B$198,B14) | H14: Zona agrícola | I14: 0.9752 | J14: Bosque estacionalmente seco de colina y montaña (2%)
A15: 7 | B15: M17B10 | C15: C1096-Q9556 | D15: Ayabaca | E15: Frías | F15: 75.363 | G15: =COUNTIF(Bloque_Ecosistema!$B$9:$B$198,B15) | H15: Zona agrícola | I15: 0.5748 | J15: Bosque estacionalmente seco de colina y montaña (43%)
A16: 8 | B16: M17B5 | C16: C1096-Q9556 | D16: Ayabaca | E16: Frías | F16: 74.028 | G16: =COUNTIF(Bloque_Ecosistema!$B$9:$B$198,B16) | H16: Bosque estacionalmente seco de colina y montaña | I16: 0.7086 | J16: Zona agrícola (29%)
A17: 9 | B17: M17B6 | C17: C1096-Q9556 | D17: Ayabaca | E17: Frías | F17: 106.538 | G17: =COUNTIF(Bloque_Ecosistema!$B$9:$B$198,B17) | H17: Bosque estacionalmente seco de colina y montaña | I17: 1
A18: 10 | B18: M17B7 | C18: C1096-Q9556 | D18: Ayabaca | E18: Frías | F18: 258.837 | G18: =COUNTIF(Bloque_Ecosistema!$B$9:$B$198,B18) | H18: Zona agrícola | I18: 0.559 | J18: Bosque estacionalmente seco de colina y montaña (44%)
A19: 11 | B19: 21 | C19: C1081-Q9591 | D19: Huancabamba | E19: Canchaque | F19: 84.227 | G19: =COUNTIF(Bloque_Ecosistema!$B$9:$B$198,B19) | H19: Zona agrícola | I19: 0.5607 | J19: Matorral andino (44%)
A20: 12 | B20: 24 | C20: C1081-Q9583 | D20: Huancabamba | E20: Canchaque | F20: 90.159 | G20: =COUNTIF(Bloque_Ecosistema!$B$9:$B$198,B20) | H20: Zona agrícola | I20: 0.6608 | J20: Matorral andino (18%); Bosque estacionalmente seco de colina y montaña (15%)
A21: 13 | B21: 28 | C21: C1081-Q9591 | D21: Huancabamba | E21: Canchaque | F21: 52.966 | G21: =COUNTIF(Bloque_Ecosistema!$B$9:$B$198,B21) | H21: Zona agrícola | I21: 0.6032 | J21: Matorral andino (40%)
A22: 14 | B22: 30 | C22: C1081-Q9591 | D22: Huancabamba | E22: Canchaque | F22: 34.874 | G22: =COUNTIF(Bloque_Ecosistema!$B$9:$B$198,B22) | H22: Zona agrícola | I22: 0.7743 | J22: Matorral andino (23%)
A23: 15 | B23: 40 | C23: C1081-Q9591 | D23: Huancabamba | E23: Canchaque | F23: 28.523 | G23: =COUNTIF(Bloque_Ecosistema!$B$9:$B$198,B23) | H23: Zona agrícola | I23: 0.5954 | J23: Matorral andino (40%)
A24: 16 | B24: 60 | C24: C1081-Q9591 | D24: Huancabamba | E24: Canchaque | F24: 40.132 | G24: =COUNTIF(Bloque_Ecosistema!$B$9:$B$198,B24) | H24: Matorral andino | I24: 0.5911 | J24: Zona agrícola (41%)
A25: 17 | B25: 63 | C25: C1081-Q9583 | D25: Huancabamba | E25: Canchaque | F25: 50.459 | G25: =COUNTIF(Bloque_Ecosistema!$B$9:$B$198,B25) | H25: Matorral andino | I25: 1
A26: 18 | B26: 66 | C26: C1081-Q9591 | D26: Huancabamba | E26: Canchaque | F26: 102.335 | G26: =COUNTIF(Bloque_Ecosistema!$B$9:$B$198,B26) | H26: Zona agrícola | I26: 0.7529 | J26: Bosque estacionalmente seco de colina y montaña (19%); Matorral andino (6%)
A27: 19 | B27: 79 | C27: C1076-Q9587 | D27: Huancabamba | E27: Canchaque | F27: 94.812 | G27: =COUNTIF(Bloque_Ecosistema!$B$9:$B$198,B27) | H27: Bosque estacionalmente seco de colina y montaña | I27: 1
A28: 20 | B28: 81 | C28: C1076-Q9585 | D28: Huancabamba | E28: Canchaque | F28: 8.929 | G28: =COUNTIF(Bloque_Ecosistema!$B$9:$B$198,B28) | H28: Bosque estacionalmente seco de colina y montaña | I28: 1
A29: 21 | B29: 64 | C29: C1081-Q9591 | D29: Huancabamba | E29: Huancabamba | F29: 35.774 | G29: =COUNTIF(Bloque_Ecosistema!$B$9:$B$198,B29) | H29: Zona agrícola | I29: 1
A30: 22 | B30: M30B5 | C30: C1081-Q9591 | D30: Huancabamba | E30: Huancabamba | F30: 90.903 | G30: =COUNTIF(Bloque_Ecosistema!$B$9:$B$198,B30) | H30: Zona agrícola | I30: 0.821 | J30: Matorral andino (18%)
A31: 23 | B31: 10 | C31: C1076-Q9593 | D31: Huancabamba | E31: Huarmaca | F31: 150.214 | G31: =COUNTIF(Bloque_Ecosistema!$B$9:$B$198,B31) | H31: Bosque estacionalmente seco de colina y montaña | I31: 0.8613 | J31: Zona agrícola (14%)
A32: 24 | B32: 16 | C32: C1076-Q9593 | D32: Huancabamba | E32: Huarmaca | F32: 83.327 | G32: =COUNTIF(Bloque_Ecosistema!$B$9:$B$198,B32) | H32: Zona agrícola | I32: 0.5477 | J32: Bosque estacionalmente seco de colina y montaña (45%)
A33: 25 | B33: 18 | C33: C1076-Q9592 | D33: Huancabamba | E33: Huarmaca | F33: 103.617 | G33: =COUNTIF(Bloque_Ecosistema!$B$9:$B$198,B33) | H33: Bosque estacionalmente seco de colina y montaña | I33: 0.9101 | J33: Zona agrícola (9%)
A34: 26 | B34: 19 | C34: C1076-Q9592 | D34: Huancabamba | E34: Huarmaca | F34: 82.088 | G34: =COUNTIF(Bloque_Ecosistema!$B$9:$B$198,B34) | H34: Matorral andino | I34: 0.5146 | J34: Zona agrícola (49%)
A35: 27 | B35: 20 | C35: C1076-Q9593 | D35: Huancabamba | E35: Huarmaca | F35: 81.334 | G35: =COUNTIF(Bloque_Ecosistema!$B$9:$B$198,B35) | H35: Bosque estacionalmente seco de colina y montaña | I35: 0.5199 | J35: Matorral andino (48%)
A36: 28 | B36: 31 | C36: C1076-Q9592 | D36: Huancabamba | E36: Huarmaca | F36: 47.581 | G36: =COUNTIF(Bloque_Ecosistema!$B$9:$B$198,B36) | H36: Matorral andino | I36: 1
A37: 29 | B37: 4 | C37: C1076-Q9588 | D37: Huancabamba | E37: Huarmaca | F37: 230.098 | G37: =COUNTIF(Bloque_Ecosistema!$B$9:$B$198,B37) | H37: Zona agrícola | I37: 1
A38: 30 | B38: 41 | C38: C1076-Q9592 | D38: Huancabamba | E38: Huarmaca | F38: 64.923 | G38: =COUNTIF(Bloque_Ecosistema!$B$9:$B$198,B38) | H38: Zona agrícola | I38: 1
A39: 31 | B39: 51 | C39: C1076-Q9593 | D39: Huancabamba | E39: Huarmaca | F39: 22.927 | G39: =COUNTIF(Bloque_Ecosistema!$B$9:$B$198,B39) | H39: Zona agrícola | I39: 0.8824 | J39: Matorral andino (12%)
A40: 32 | B40: 53 | C40: C1076-Q9592 | D40: Huancabamba | E40: Huarmaca | F40: 13.065 | G40: =COUNTIF(Bloque_Ecosistema!$B$9:$B$198,B40) | H40: Matorral andino | I40: 1
A41: 33 | B41: 69 | C41: C1076-Q9592 | D41: Huancabamba | E41: Huarmaca | F41: 19.425 | G41: =COUNTIF(Bloque_Ecosistema!$B$9:$B$198,B41) | H41: Matorral andino | I41: 0.9797 | J41: Zona agrícola (2%)
A42: 34 | B42: 70 | C42: C1076-Q9592 | D42: Huancabamba | E42: Huarmaca | F42: 22.388 | G42: =COUNTIF(Bloque_Ecosistema!$B$9:$B$198,B42) | H42: Matorral andino | I42: 0.9883 | J42: Zona agrícola (1%)
A43: 35 | B43: 71 | C43: C1076-Q9593 | D43: Huancabamba | E43: Huarmaca | F43: 10.673 | G43: =COUNTIF(Bloque_Ecosistema!$B$9:$B$198,B43) | H43: Matorral andino | I43: 1
A44: 36 | B44: 72 | C44: C1076-Q9592 | D44: Huancabamba | E44: Huarmaca | F44: 12.398 | G44: =COUNTIF(Bloque_Ecosistema!$B$9:$B$198,B44) | H44: Zona agrícola | I44: 1
A45: 37 | B45: 73 | C45: C1076-Q9592 | D45: Huancabamba | E45: Huarmaca | F45: 54.29 | G45: =COUNTIF(Bloque_Ecosistema!$B$9:$B$198,B45) | H45: Zona agrícola | I45: 1
A46: 38 | B46: 76 | C46: C1076-Q9593 | D46: Huancabamba | E46: Huarmaca | F46: 19.615 | G46: =COUNTIF(Bloque_Ecosistema!$B$9:$B$198,B46) | H46: Zona agrícola | I46: 1
A47: 39 | B47: 8 | C47: C1076-Q9593 | D47: Huancabamba | E47: Huarmaca | F47: 126.952 | G47: =COUNTIF(Bloque_Ecosistema!$B$9:$B$198,B47) | H47: Matorral andino | I47: 0.9596 | J47: Zona agrícola (4%)
A48: 40 | B48: 80 | C48: C1076-Q9593 | D48: Huancabamba | E48: Huarmaca | F48: 28.83 | G48: =COUNTIF(Bloque_Ecosistema!$B$9:$B$198,B48) | H48: Zona agrícola | I48: 1
A49: 41 | B49: M12B1 | C49: C1076-Q9588 | D49: Huancabamba | E49: Huarmaca | F49: 268.393 | G49: =COUNTIF(Bloque_Ecosistema!$B$9:$B$198,B49) | H49: Bosque estacionalmente seco de colina y montaña | I49: 0.9998 | J49: Zona agrícola (0%)
A50: 42 | B50: M4B3 | C50: C1076-Q9589 | D50: Huancabamba | E50: Huarmaca | F50: 234.069 | G50: =COUNTIF(Bloque_Ecosistema!$B$9:$B$198,B50) | H50: Bosque estacionalmente seco de colina y montaña | I50: 1
A51: 43 | B51: M4B4 | C51: C1076-Q9589 | D51: Huancabamba | E51: Huarmaca | F51: 289.914 | G51: =COUNTIF(Bloque_Ecosistema!$B$9:$B$198,B51) | H51: Bosque estacionalmente seco de colina y montaña | I51: 1
A52: 44 | B52: 26 | C52: C1081-Q9591 | D52: Huancabamba | E52: Lalaquiz | F52: 46.962 | G52: =COUNTIF(Bloque_Ecosistema!$B$9:$B$198,B52) | H52: Zona agrícola | I52: 1
A53: 45 | B53: 34 | C53: C1081-Q9590 | D53: Huancabamba | E53: Lalaquiz | F53: 28.45 | G53: =COUNTIF(Bloque_Ecosistema!$B$9:$B$198,B53) | H53: Zona agrícola | I53: 0.9467 | J53: Matorral andino (5%)
A54: 46 | B54: 37 | C54: C1081-Q9591 | D54: Huancabamba | E54: Lalaquiz | F54: 35.491 | G54: =COUNTIF(Bloque_Ecosistema!$B$9:$B$198,B54) | H54: Matorral andino | I54: 0.5998 | J54: Zona agrícola (40%)
A55: 47 | B55: 38 | C55: C1081-Q9590 | D55: Huancabamba | E55: Lalaquiz | F55: 44.201 | G55: =COUNTIF(Bloque_Ecosistema!$B$9:$B$198,B55) | H55: Zona agrícola | I55: 0.898 | J55: Bosque estacionalmente seco de colina y montaña (9%); Matorral andino (1%)
A56: 48 | B56: 50 | C56: C1081-Q9590 | D56: Huancabamba | E56: Lalaquiz | F56: 19.266 | G56: =COUNTIF(Bloque_Ecosistema!$B$9:$B$198,B56) | H56: Matorral andino | I56: 0.9576 | J56: Zona agrícola (4%)
A57: 49 | B57: 61 | C57: C1081-Q9590 | D57: Huancabamba | E57: Lalaquiz | F57: 26.826 | G57: =COUNTIF(Bloque_Ecosistema!$B$9:$B$198,B57) | H57: Zona agrícola | I57: 0.5214 | J57: Matorral andino (48%)
A58: 50 | B58: 35 | C58: C1076-Q9586 | D58: Huancabamba | E58: San Miguel de El Faique | F58: 30.804 | G58: =COUNTIF(Bloque_Ecosistema!$B$9:$B$198,B58) | H58: Zona agrícola | I58: 1
A59: 51 | B59: 43 | C59: C1076-Q9586 | D59: Huancabamba | E59: San Miguel de El Faique | F59: 23.171 | G59: =COUNTIF(Bloque_Ecosistema!$B$9:$B$198,B59) | H59: Zona agrícola | I59: 1
A60: 52 | B60: 44 | C60: C1076-Q9586 | D60: Huancabamba | E60: San Miguel de El Faique | F60: 28.234 | G60: =COUNTIF(Bloque_Ecosistema!$B$9:$B$198,B60) | H60: Páramo | I60: 0.9524 | J60: Matorral andino (5%)
A61: 53 | B61: 47 | C61: C1076-Q9586 | D61: Huancabamba | E61: San Miguel de El Faique | F61: 13.551 | G61: =COUNTIF(Bloque_Ecosistema!$B$9:$B$198,B61) | H61: Matorral andino | I61: 0.5406 | J61: Zona agrícola (46%)
A62: 54 | B62: 67 | C62: C1076-Q9586 | D62: Huancabamba | E62: San Miguel de El Faique | F62: 13.184 | G62: =COUNTIF(Bloque_Ecosistema!$B$9:$B$198,B62) | H62: Zona agrícola | I62: 0.9303 | J62: Bosque estacionalmente seco de colina y montaña (7%)
A63: 55 | B63: 9 | C63: C1076-Q9586 | D63: Huancabamba | E63: San Miguel de El Faique | F63: 109.861 | G63: =COUNTIF(Bloque_Ecosistema!$B$9:$B$198,B63) | H63: Zona agrícola | I63: 1
A64: 56 | B64: M20B1 | C64: C1076-Q9585 | D64: Huancabamba | E64: San Miguel de El Faique | F64: 279.68 | G64: =COUNTIF(Bloque_Ecosistema!$B$9:$B$198,B64) | H64: Bosque estacionalmente seco de colina y montaña | I64: 0.9908 | J64: Zona agrícola (1%)
A65: 57 | B65: M22B1 | C65: C1076-Q9586 | D65: Huancabamba | E65: San Miguel de El Faique | F65: 55.17 | G65: =COUNTIF(Bloque_Ecosistema!$B$9:$B$198,B65) | H65: Páramo | I65: 0.8138 | J65: Matorral andino (19%)
A66: 58 | B66: M2B8 | C66: C1076-Q9584 | D66: Huancabamba | E66: San Miguel de El Faique | F66: 116.099 | G66: =COUNTIF(Bloque_Ecosistema!$B$9:$B$198,B66) | H66: Bosque estacionalmente seco de colina y montaña | I66: 1
A67: 59 | B67: 5 | C67: C1077-Q9566 | D67: Morropón | E67: Buenos Aires | F67: 295.726 | G67: =COUNTIF(Bloque_Ecosistema!$B$9:$B$198,B67) | H67: Bosque estacionalmente seco de colina y montaña | I67: 1
A68: 60 | B68: M18B1 | C68: C1077-Q9579 | D68: Morropón | E68: Buenos Aires | F68: 160.36 | G68: =COUNTIF(Bloque_Ecosistema!$B$9:$B$198,B68) | H68: Bosque estacionalmente seco de colina y montaña | I68: 0.9924 | J68: Zona agrícola (1%)
A69: 61 | B69: M1B1 | C69: C1077-Q9580 | D69: Morropón | E69: Buenos Aires | F69: 188.797 | G69: =COUNTIF(Bloque_Ecosistema!$B$9:$B$198,B69) | H69: Bosque estacionalmente seco de colina y montaña | I69: 1
A70: 62 | B70: M6B10 | C70: C1077-Q9566 | D70: Morropón | E70: Buenos Aires | F70: 249.89 | G70: =COUNTIF(Bloque_Ecosistema!$B$9:$B$198,B70) | H70: Bosque estacionalmente seco de colina y montaña | I70: 1
A71: 63 | B71: M6B2-1 | C71: C1077-Q9566 | D71: Morropón | E71: Buenos Aires | F71: 514.359 | G71: =COUNTIF(Bloque_Ecosistema!$B$9:$B$198,B71) | H71: Bosque estacionalmente seco de colina y montaña | I71: 1
A72: 64 | B72: M6B2-2 | C72: C1077-Q9566 | D72: Morropón | E72: Buenos Aires | F72: 333.011 | G72: =COUNTIF(Bloque_Ecosistema!$B$9:$B$198,B72) | H72: Bosque estacionalmente seco de colina y montaña | I72: 1
A73: 65 | B73: M6B2-3 | C73: C1077-Q9566 | D73: Morropón | E73: Buenos Aires | F73: 160.978 | G73: =COUNTIF(Bloque_Ecosistema!$B$9:$B$198,B73) | H73: Bosque estacionalmente seco de colina y montaña | I73: 0.9981 | J73: Sin información de ecosistema (0%)
A74: 66 | B74: 57 | C74: C1086-Q9576 | D74: Morropón | E74: Chalaco | F74: 25.668 | G74: =COUNTIF(Bloque_Ecosistema!$B$9:$B$198,B74) | H74: Matorral andino | I74: 0.8283 | J74: Zona agrícola (17%)
A75: 67 | B75: 59 | C75: C1086-Q9570 | D75: Morropón | E75: Chalaco | F75: 13.554 | G75: =COUNTIF(Bloque_Ecosistema!$B$9:$B$198,B75) | H75: Bosque relicto montano de vertiente occidental | I75: 0.5996 | J75: Zona agrícola (40%)
A76: 68 | B76: 2 | C76: C1096-Q9558 | D76: Morropón | E76: Chulucanas | F76: 330.599 | G76: =COUNTIF(Bloque_Ecosistema!$B$9:$B$198,B76) | H76: Bosque estacionalmente seco de colina y montaña | I76: 1
A77: 69 | B77: 22 | C77: C1096-Q9556 | D77: Morropón | E77: Chulucanas | F77: 79.33 | G77: =COUNTIF(Bloque_Ecosistema!$B$9:$B$198,B77) | H77: Bosque estacionalmente seco de colina y montaña | I77: 1
A78: 70 | B78: M10B4 | C78: C1096-Q9547 | D78: Morropón | E78: Chulucanas | F78: 68.887 | G78: =COUNTIF(Bloque_Ecosistema!$B$9:$B$198,B78) | H78: Bosque estacionalmente seco de colina y montaña | I78: 0.9938 | J78: Sin información de ecosistema (1%)
A79: 71 | B79: M17B1 | C79: C1096-Q9556 | D79: Morropón | E79: Chulucanas | F79: 42.449 | G79: =COUNTIF(Bloque_Ecosistema!$B$9:$B$198,B79) | H79: Bosque estacionalmente seco de colina y montaña | I79: 1
A80: 72 | B80: M17B4 | C80: C1096-Q9556 | D80: Morropón | E80: Chulucanas | F80: 124.709 | G80: =COUNTIF(Bloque_Ecosistema!$B$9:$B$198,B80) | H80: Bosque estacionalmente seco de colina y montaña | I80: 1
A81: 73 | B81: M27B1 | C81: C1096-Q9557 | D81: Morropón | E81: Chulucanas | F81: 448.804 | G81: =COUNTIF(Bloque_Ecosistema!$B$9:$B$198,B81) | H81: Bosque estacionalmente seco de colina y montaña | I81: 0.9889 | J81: Zona agrícola (1%)
A82: 74 | B82: M9B1 | C82: C1096-Q9545 | D82: Morropón | E82: Chulucanas | F82: 355.364 | G82: =COUNTIF(Bloque_Ecosistema!$B$9:$B$198,B82) | H82: Bosque estacionalmente seco de colina y montaña | I82: 1
A83: 75 | B83: M19B2 | C83: C1086-Q9570 | D83: Morropón | E83: Morropón | F83: 74.372 | G83: =COUNTIF(Bloque_Ecosistema!$B$9:$B$198,B83) | H83: Bosque estacionalmente seco de colina y montaña | I83: 1
A84: 76 | B84: M32B3 | C84: C1086-Q9569 | D84: Morropón | E84: Morropón | F84: 50.972 | G84: =COUNTIF(Bloque_Ecosistema!$B$9:$B$198,B84) | H84: Bosque estacionalmente seco de colina y montaña | I84: 1
A85: 77 | B85: M18B3 | C85: C1077-Q9579 | D85: Morropón | E85: Salitral | F85: 373.807 | G85: =COUNTIF(Bloque_Ecosistema!$B$9:$B$198,B85) | H85: Bosque estacionalmente seco de colina y montaña | I85: 0.9997 | J85: Zona agrícola (0%)
A86: 78 | B86: M2B1 | C86: C1076-Q9584 | D86: Morropón | E86: Salitral | F86: 81.795 | G86: =COUNTIF(Bloque_Ecosistema!$B$9:$B$198,B86) | H86: Bosque estacionalmente seco de colina y montaña | I86: 1
A87: 79 | B87: M2B5 | C87: C1076-Q9584 | D87: Morropón | E87: Salitral | F87: 30.909 | G87: =COUNTIF(Bloque_Ecosistema!$B$9:$B$198,B87) | H87: Bosque estacionalmente seco de colina y montaña | I87: 0.9826 | J87: Zona agrícola (2%)
A88: 80 | B88: M3B1 | C88: C1081-Q9582 | D88: Morropón | E88: Salitral | F88: 80.983 | G88: =COUNTIF(Bloque_Ecosistema!$B$9:$B$198,B88) | H88: Bosque estacionalmente seco de colina y montaña | I88: 0.9998 | J88: Zona agrícola (0%)
A89: 81 | B89: M3B9 | C89: C1081-Q9582 | D89: Morropón | E89: Salitral | F89: 294.204 | G89: =COUNTIF(Bloque_Ecosistema!$B$9:$B$198,B89) | H89: Bosque estacionalmente seco de colina y montaña | I89: 0.9997 | J89: Zona agrícola (0%)
A90: 82 | B90: M7B1 | C90: C1076-Q9581 | D90: Morropón | E90: Salitral | F90: 130.425 | G90: =COUNTIF(Bloque_Ecosistema!$B$9:$B$198,B90) | H90: Bosque estacionalmente seco de colina y montaña | I90: 1
A91: 83 | B91: M7B2 | C91: C1076-Q9581 | D91: Morropón | E91: Salitral | F91: 115.379 | G91: =COUNTIF(Bloque_Ecosistema!$B$9:$B$198,B91) | H91: Bosque estacionalmente seco de colina y montaña | I91: 0.9916 | J91: Zona agrícola (1%)
A92: 84 | B92: M7B3 | C92: C1076-Q9581 | D92: Morropón | E92: Salitral | F92: 65.745 | G92: =COUNTIF(Bloque_Ecosistema!$B$9:$B$198,B92) | H92: Bosque estacionalmente seco de colina y montaña | I92: 0.9959 | J92: Zona agrícola (0%)
A93: 85 | B93: M7B6 | C93: C1076-Q9581 | D93: Morropón | E93: Salitral | F93: 91.285 | G93: =COUNTIF(Bloque_Ecosistema!$B$9:$B$198,B93) | H93: Bosque estacionalmente seco de colina y montaña | I93: 1
A94: 86 | B94: 77 | C94: C1081-Q9583 | D94: Morropón | E94: San Juan de Bigote | F94: 17.821 | G94: =COUNTIF(Bloque_Ecosistema!$B$9:$B$198,B94) | H94: Bosque estacionalmente seco de colina y montaña | I94: 1
A95: 87 | B95: 83 | C95: C1081-Q9583 | D95: Morropón | E95: San Juan de Bigote | F95: 24.344 | G95: =COUNTIF(Bloque_Ecosistema!$B$9:$B$198,B95) | H95: Bosque estacionalmente seco de colina y montaña | I95: 1
A96: 88 | B96: 84 | C96: C1081-Q9583 | D96: Morropón | E96: San Juan de Bigote | F96: 5.097 | G96: =COUNTIF(Bloque_Ecosistema!$B$9:$B$198,B96) | H96: Bosque estacionalmente seco de colina y montaña | I96: 0.9889 | J96: Zona agrícola (1%)
A97: 89 | B97: 85 | C97: C1081-Q9583 | D97: Morropón | E97: San Juan de Bigote | F97: 11.906 | G97: =COUNTIF(Bloque_Ecosistema!$B$9:$B$198,B97) | H97: Zona agrícola | I97: 0.9939 | J97: Bosque estacionalmente seco de colina y montaña (1%)
A98: 90 | B98: 86 | C98: C1081-Q9583 | D98: Morropón | E98: San Juan de Bigote | F98: 30.001 | G98: =COUNTIF(Bloque_Ecosistema!$B$9:$B$198,B98) | H98: Bosque estacionalmente seco de colina y montaña | I98: 1
A99: 91 | B99: 87 | C99: C1081-Q9583 | D99: Morropón | E99: San Juan de Bigote | F99: 62.219 | G99: =COUNTIF(Bloque_Ecosistema!$B$9:$B$198,B99) | H99: Bosque estacionalmente seco de colina y montaña | I99: 0.9966 | J99: Zona agrícola (0%)
A100: 92 | B100: M11B3 | C100: C1081-Q9583 | D100: Morropón | E100: San Juan de Bigote | F100: 106.027 | G100: =COUNTIF(Bloque_Ecosistema!$B$9:$B$198,B100) | H100: Bosque estacionalmente seco de colina y montaña | I100: 0.9995 | J100: Zona agrícola (0%)
A101: 93 | B101: M3B3 | C101: C1081-Q9582 | D101: Morropón | E101: San Juan de Bigote | F101: 84.825 | G101: =COUNTIF(Bloque_Ecosistema!$B$9:$B$198,B101) | H101: Bosque estacionalmente seco de colina y montaña | I101: 1
...

Sheet Bloque_Ecosistema
A1: AUTORIDAD NACIONAL DE INFRAESTRUCTURA - ANIN
A2: DIRECCIÓN DE INTERVENCIONES MULTISECTORIALES Y DE EMERGENCIA - DIME
A3: SUBDIRECCIÓN DE ESTUDIOS DE INVERSIÓN - SESDI
A4: ECOSISTEMAS POR BLOQUE DE INTERVENCIÓN V6 — DETALLE
A5: PROYECTO IN PIURA | CUI 2669244 | Cuenca Alta del Río Piura | UTM WGS 84 Zona 17S (EPSG:32717)
A6: Fuente: Ecosistemas: Mapa Nacional de Ecosistemas del Perú, MINAM 2018 (R.M. N.° 440-2018-MINAM): recorte a microcuencas, completado en M27B1 y M9B1 con el recorte a esos bloques. Bloques V6, ANIN-DIME-SESDI 2026 (sin 74 y 75)
A8: N.° | B8: Bloque | C8: Microcuenca | D8: Provincia | E8: Distrito | F8: Ecosistema | G8: Símbolo | H8: Área geométrica (ha) | I8: % del bloque | J8: Área del bloque, catálogo (ha) | K8: Área prorrateada (ha)
A9: 1 | B9: 27 | C9: C1096-Q9556 | D9: Ayabaca | E9: Frías | F9: Zona agrícola | G9: Agri | H9: 78.154 | I9: =H9/SUMIF($B$9:$B$198,B9,$H$9:$H$198) | J9: 78.154 | K9: =I9*J9
A10: 2 | B10: 3 | C10: C1096-Q9545 | D10: Ayabaca | E10: Frías | F10: Zona agrícola | G10: Agri | H10: 434.197 | I10: =H10/SUMIF($B$9:$B$198,B10,$H$9:$H$198) | J10: 459.295 | K10: =I10*J10
A11: 3 | B11: 3 | C11: C1096-Q9545 | D11: Ayabaca | E11: Frías | F11: Bosque estacionalmente seco de colina y montaña | G11: Bes-cm | H11: 25.097 | I11: =H11/SUMIF($B$9:$B$198,B11,$H$9:$H$198) | J11: 459.295 | K11: =I11*J11
A12: 4 | B12: 36 | C12: C1096-Q9547 | D12: Ayabaca | E12: Frías | F12: Zona agrícola | G12: Agri | H12: 24.843 | I12: =H12/SUMIF($B$9:$B$198,B12,$H$9:$H$198) | J12: 24.843 | K12: =I12*J12
A13: 5 | B13: 39 | C13: C1096-Q9564 | D13: Ayabaca | E13: Frías | F13: Matorral andino | G13: Ma | H13: 68.569 | I13: =H13/SUMIF($B$9:$B$198,B13,$H$9:$H$198) | J13: 68.569 | K13: =I13*J13
A14: 6 | B14: 56 | C14: C1096-Q9564 | D14: Ayabaca | E14: Frías | F14: Bosque relicto montano de vertiente occidental | G14: Br-mvoc | H14: 41.849 | I14: =H14/SUMIF($B$9:$B$198,B14,$H$9:$H$198) | J14: 77.666 | K14: =I14*J14
A15: 7 | B15: 56 | C15: C1096-Q9564 | D15: Ayabaca | E15: Frías | F15: Zona agrícola | G15: Agri | H15: 35.817 | I15: =H15/SUMIF($B$9:$B$198,B15,$H$9:$H$198) | J15: 77.666 | K15: =I15*J15
A16: 8 | B16: 6 | C16: C1096-Q9547 | D16: Ayabaca | E16: Frías | F16: Zona agrícola | G16: Agri | H16: 164.236 | I16: =H16/SUMIF($B$9:$B$198,B16,$H$9:$H$198) | J16: 168.411 | K16: =I16*J16
A17: 9 | B17: 6 | C17: C1096-Q9547 | D17: Ayabaca | E17: Frías | F17: Bosque estacionalmente seco de colina y montaña | G17: Bes-cm | H17: 4.175 | I17: =H17/SUMIF($B$9:$B$198,B17,$H$9:$H$198) | J17: 168.411 | K17: =I17*J17
A18: 10 | B18: M17B10 | C18: C1096-Q9556 | D18: Ayabaca | E18: Frías | F18: Zona agrícola | G18: Agri | H18: 43.318 | I18: =H18/SUMIF($B$9:$B$198,B18,$H$9:$H$198) | J18: 75.363 | K18: =I18*J18
A19: 11 | B19: M17B10 | C19: C1096-Q9556 | D19: Ayabaca | E19: Frías | F19: Bosque estacionalmente seco de colina y montaña | G19: Bes-cm | H19: 32.046 | I19: =H19/SUMIF($B$9:$B$198,B19,$H$9:$H$198) | J19: 75.363 | K19: =I19*J19
A20: 12 | B20: M17B5 | C20: C1096-Q9556 | D20: Ayabaca | E20: Frías | F20: Bosque estacionalmente seco de colina y montaña | G20: Bes-cm | H20: 52.459 | I20: =H20/SUMIF($B$9:$B$198,B20,$H$9:$H$198) | J20: 74.028 | K20: =I20*J20
... A111: 103 | B111: M6B2-3 | C111: C1077-Q9566 | D111: Morropón | E111: Buenos Aires | F111: Bosque estacionalmente seco de colina y montaña | G111: Bes-cm | H111: 160.671 | I111: =H111/SUMIF($B$9:$B$198,B111,$H$9:$H$198) | J111: 160.978 | K111: =I111*J111
A112: 104 | B112: M6B2-3 | C112: C1077-Q9566 | D112: Morropón | E112: Buenos Aires | F112: Sin información de ecosistema | H112: 0.307 | I112: =H112/SUMIF($B$9:$B$198,B112,$H$9:$H$198) | J112: 160.978 | K112: =I112*J112
A113: 105 | B113: 57 | C113: C1086-Q9576 | D113: Morropón | E113: Chalaco | F113: Matorral andino | G113: Ma | H113: 21.261 | I113: =H113/SUMIF($B$9:$B$198,B113,$H$9:$H$198) | J113: 25.668 | K113: =I113*J113
A114: 106 | B114: 57 | C114: C1086-Q9576 | D114: Morropón | E114: Chalaco | F114: Zona agrícola | G114: Agri | H114: 4.407 | I114: =H114/SUMIF($B$9:$B$198,B114,$H$9:$H$198) | J114: 25.668 | K114: =I114*J114
A115: 107 | B115: 59 | C115: C1086-Q9570 | D115: Morropón | E115: Chalaco | F115: Bosque relicto montano de vertiente occidental | G115: Br-mvoc | H115: 8.127 | I115: =H115/SUMIF($B$9:$B$198,B115,$H$9:$H$198) | J115: 13.554 | K115: =I115*J115
A116: 108 | B116: 59 | C116: C1086-Q9570 | D116: Morropón | E116: Chalaco | F116: Zona agrícola | G116: Agri | H116: 5.427 | I116: =H116/SUMIF($B$9:$B$198,B116,$H$9:$H$198) | J116: 13.554 | K116: =I116*J116
A117: 109 | B117: 2 | C117: C1096-Q9558 | D117: Morropón | E117: Chulucanas | F117: Bosque estacionalmente seco de colina y montaña | G117: Bes-cm | H117: 330.599 | I117: =H117/SUMIF($B$9:$B$198,B117,$H$9:$H$198) | J117: 330.599 | K117: =I117*J117
A118: 110 | B118: 22 | C118: C1096-Q9556 | D118: Morropón | E118: Chulucanas | F118: Bosque estacionalmente seco de colina y montaña | G118: Bes-cm | H118: 79.33 | I118: =H118/SUMIF($B$9:$B$198,B118,$H$9:$H$198) | J118: 79.33 | K118: =I118*J118
A119: 111 | B119: M10B4 | C119: C1096-Q9547 | D119: Morropón | E119: Chulucanas | F119: Bosque estacionalmente seco de colina y montaña | G119: Bes-cm | H119: 68.458 | I119: =H119/SUMIF($B$9:$B$198,B119,$H$9:$H$198) | J119: 68.887 | K119: =I119*J119
A120: 112 | B120: M10B4 | C120: C1096-Q9547 | D120: Morropón | E120: Chulucanas | F120: Sin información de ecosistema | H120: 0.429 | I120: =H120/SUMIF($B$9:$B$198,B120,$H$9:$H$198) | J120: 68.887 | K120: =I120*J120
A121: 113 | B121: M17B1 | C121: C1096-Q9556 | D121: Morropón | E121: Chulucanas | F121: Bosque estacionalmente seco de colina y montaña | G121: Bes-cm | H121: 42.449 | I121: =H121/SUMIF($B$9:$B$198,B121,$H$9:$H$198) | J121: 42.449 | K121: =I121*J121
A122: 114 | B122: M17B4 | C122: C1096-Q9556 | D122: Morropón | E122: Chulucanas | F122: Bosque estacionalmente seco de colina y montaña | G122: Bes-cm | H122: 124.709 | I122: =H122/SUMIF($B$9:$B$198,B122,$H$9:$H$198) | J122: 124.709 | K122: =I122*J122
A123: 115 | B123: M27B1 | C123: C1096-Q9557 | D123: Morropón | E123: Chulucanas | F123: Bosque estacionalmente seco de colina y montaña | G123: Bes-cm | H123: 443.83 | I123: =H123/SUMIF($B$9:$B$198,B123,$H$9:$H$198) | J123: 448.804 | K123: =I123*J123
A124: 116 | B124: M27B1 | C124: C1096-Q9557 | D124: Morropón | E124: Chulucanas | F124: Zona agrícola | G124: Agri | H124: 4.974 | I124: =H124/SUMIF($B$9:$B$198,B124,$H$9:$H$198) | J124: 448.804 | K124: =I124*J124
A125: 117 | B125: M9B1 | C125: C1096-Q9545 | D125: Morropón | E125: Chulucanas | F125: Bosque estacionalmente seco de colina y montaña | G125: Bes-cm | H125: 355.364 | I125: =H125/SUMIF($B$9:$B$198,B125,$H$9:$H$198) | J125: 355.364 | K125: =I125*J125
A126: 118 | B126: M19B2 | C126: C1086-Q9570 | D126: Morropón | E126: Morropón | F126: Bosque estacionalmente seco de colina y montaña | G126: Bes-cm | H126: 74.372 | I126: =H126/SUMIF($B$9:$B$198,B126,$H$9:$H$198) | J126: 74.372 | K126: =I126*J126
A127: 119 | B127: M32B3 | C127: C1086-Q9569 | D127: Morropón | E127: Morropón | F127: Bosque estacionalmente seco de colina y montaña | G127: Bes-cm | H127: 50.972 | I127: =H127/SUMIF($B$9:$B$198,B127,$H$9:$H$198) | J127: 50.972 | K127: =I127*J127
A128: 120 | B128: M18B3 | C128: C1077-Q9579 | D128: Morropón | E128: Salitral | F128: Bosque estacionalmente seco de colina y montaña | G128: Bes-cm | H128: 373.699 | I128: =H128/SUMIF($B$9:$B$198,B128,$H$9:$H$198) | J128: 373.807 | K128: =I128*J128
A129: 121 | B129: M18B3 | C129: C1077-Q9579 | D129: Morropón | E129: Salitral | F129: Zona agrícola | G129: Agri | H129: 0.108 | I129: =H129/SUMIF($B$9:$B$198,B129,$H$9:$H$198) | J129: 373.807 | K129: =I129*J129
A130: 122 | B130: M2B1 | C130: C1076-Q9584 | D130: Morropón | E130: Salitral | F130: Bosque estacionalmente seco de colina y montaña | G130: Bes-cm | H130: 81.795 | I130: =H130/SUMIF($B$9:$B$198,B130,$H$9:$H$198) | J130: 81.795 | K130: =I130*J130
A131: 123 | B131: M2B5 | C131: C1076-Q9584 | D131: Morropón | E131: Salitral | F131: Bosque estacionalmente seco de colina y montaña | G131: Bes-cm | H131: 30.37 | I131: =H131/SUMIF($B$9:$B$198,B131,$H$9:$H$198) | J131: 30.909 | K131: =I131*J131
A132: 124 | B132: M2B5 | C132: C1076-Q9584 | D132: Morropón | E132: Salitral | F132: Zona agrícola | G132: Agri | H132: 0.538 | I132: =H132/SUMIF($B$9:$B$198,B132,$H$9:$H$198) | J132: 30.909 | K132: =I132*J132
... A198: 190 | B198: M28B4 | C198: C1086-Q9575 | D198: Morropón | E198: Yamango | F198: Bosque estacionalmente seco de colina y montaña | G198: Bes-cm | H198: 283.428 | I198: =H198/SUMIF($B$9:$B$198,B198,$H$9:$H$198) | J198: 283.428 | K198: =I198*J198
A199: TOTAL | H199: =SUM(H9:H198) | K199: =SUM(K9:K198)

Sheet Notas
A1: NOTAS Y CONTROLES
A2: Capa de ecosistemas: Mapa Nacional de Ecosistemas del Perú, MINAM 2018 (R.M. N.° 440-2018-MINAM): recorte a microcuencas, completado en M27B1 y M9B1 con el recorte a esos bloques.
A3: Los ecosistemas se recortaron al ámbito de 15 distritos (INEI, capa simplificada) y se reproyectaron a UTM WGS84 Zona 17S (EPSG:32717). Áreas calculadas en UTM.
A4: Bloque_Ecosistema: intersección de cada bloque V6 con los ecosistemas. «% del bloque» = área geométrica del tramo / área geométrica del bloque (fórmula SUMIF).
A5: «Área prorrateada» = % del bloque × área del bloque en el catálogo V6, para que el total coincida con 12,270.235 ha. Los resúmenes usan esta área.
A6: «Sin información de ecosistema»: parte del bloque que la capa de ecosistemas no cubre (si aparece, revise la capa).
A7: % del ecosistema intervenido = área del ecosistema en bloques / área del ecosistema en el ámbito (15 distritos).
A8: Se excluyen los bloques retirados 74 y 75 (ver README_LIBERACION_AREAS.md).
A9: Escala: el Mapa Nacional de Ecosistemas es de escala regional; el ecosistema de cada bloque debe confirmarse en campo (F-DT-03, «Tipo de ecosistema (UP)»).
